age,ast,blk,date_game,drb,fg,fg3,fg3a,fg_pct,fga,ft,ft_pct,fta,game_location,game_result,game_score,gs,mp,opp_id,orb,pf,pts,stl,team_id,tov,trb
21-284,4,0,2003-10-28,3,8,0,1,.444,18,2,.667,3,@,L (-15),6.4,1,41:00,PHI,1,3,18,0,MIA,5,4
21-285,4,0,2003-10-29,1,2,1,2,.167,12,0,,0,@,L (-23),0.2,1,34:00,BOS,1,5,5,1,MIA,0,2
21-287,2,1,2003-10-31,1,1,0,0,.111,9,2,1.000,2,,L (-12),-0.5,1,23:00,DET,2,1,4,0,MIA,2,3
21-295,5,1,2003-11-08,3,8,1,2,.381,21,2,.500,4,,L (-9),8.6,1,41:00,MIN,0,3,19,1,MIA,3,3
21-298,5,0,2003-11-11,5,4,0,1,.444,9,3,.750,4,@,L (-20),9.7,1,38:00,HOU,0,3,11,3,MIA,3,5
21-299,5,1,2003-11-12,4,5,0,1,.294,17,4,.800,5,,W (+5),7.0,1,35:00,CLE,3,3,14,0,MIA,3,7
21-301,6,0,2003-11-14,2,3,0,1,.300,10,1,.500,2,,W (+4),7.3,1,33:00,WAS,3,1,7,3,MIA,3,5
21-303,1,1,2003-11-16,1,4,0,0,.400,10,2,.500,4,@,L (-22),-0.1,1,26:00,LAL,0,4,10,1,MIA,5,1
21-305,5,0,2003-11-18,3,8,0,0,.533,15,2,.667,3,@,W (+7),14.3,1,34:00,SEA,2,2,18,4,MIA,5,5
21-306,4,2,2003-11-19,2,9,0,2,.563,16,6,.667,9,@,L (-1),17.0,1,36:00,POR,4,2,24,0,MIA,5,6
21-308,3,0,2003-11-21,2,5,0,2,.294,17,3,.750,4,@,L (-10),5.0,1,33:00,GSW,4,3,13,2,MIA,4,6
21-309,5,0,2003-11-22,2,9,2,3,.500,18,7,1.000,7,@,L (-2),20.1,1,37:00,PHO,2,1,27,1,MIA,4,4
21-312,4,1,2003-11-25,3,3,0,2,.273,11,0,,0,,W (+4),-0.2,1,32:00,NOH,1,2,6,0,MIA,4,4
21-315,8,0,2003-11-28,2,5,0,1,.333,15,1,.500,2,@,L (-12),7.6,1,40:00,ATL,3,2,11,2,MIA,4,5
21-316,5,1,2003-11-29,3,6,0,1,.400,15,4,1.000,4,,W (+12),15.2,1,40:00,TOR,2,3,16,2,MIA,0,5
21-320,4,0,2003-12-03,3,6,0,1,.667,9,3,1.000,3,@,L (-14),13.4,1,41:00,DET,4,3,15,1,MIA,4,7
21-322,4,2,2003-12-05,1,9,0,0,.529,17,3,1.000,3,,L (-3),19.8,1,44:00,PHI,2,2,21,3,MIA,1,3
21-323,1,0,2003-12-06,1,7,0,0,.467,15,0,,0,,L (-16),6.1,1,34:00,SAS,2,4,14,1,MIA,2,3
21-326,5,2,2003-12-09,6,7,0,0,.538,13,4,.800,5,,W (+20),18.9,1,33:00,PHO,1,2,18,3,MIA,2,7
21-329,2,1,2003-12-12,2,6,0,0,.545,11,2,.400,5,,W (+3),7.0,1,35:00,MEM,2,4,14,0,MIA,3,4
21-331,4,1,2003-12-14,2,9,0,1,.529,17,5,.625,8,@,W (+1),14.5,1,39:00,TOR,1,2,23,1,MIA,4,3
21-333,8,1,2003-12-16,2,15,0,1,.682,22,2,.667,3,,W (+18),30.7,1,38:00,ATL,4,3,32,1,MIA,1,6
21-334,3,0,2003-12-17,3,9,1,1,.529,17,3,1.000,3,@,L (-11),16.3,1,44:00,PHI,0,1,22,4,MIA,4,3
21-336,3,1,2003-12-19,1,7,1,1,.389,18,6,.857,7,@,L (-14),13.2,1,35:00,MEM,3,2,21,0,MIA,2,4
21-338,8,1,2003-12-21,3,10,3,3,.625,16,10,.833,12,,W (+11),31.4,1,39:00,GSW,0,2,33,1,MIA,1,3
21-340,4,1,2003-12-23,4,8,0,2,.500,16,4,.800,5,,W (+7),14.6,1,41:00,WAS,1,1,20,0,MIA,2,5
21-343,3,1,2003-12-26,3,6,0,0,.545,11,5,.833,6,@,W (+8),11.2,1,37:00,WAS,0,2,17,2,MIA,5,3
21-346,8,0,2003-12-29,3,4,0,0,.400,10,2,.333,6,@,W (+7),6.8,1,36:00,CHI,1,1,10,0,MIA,3,4
21-347,6,2,2003-12-30,2,3,0,0,.500,6,0,.000,2,@,L (-29),1.2,1,39:00,NYK,0,3,6,0,MIA,6,2
22-011,5,1,2004-01-28,2,6,0,0,.500,12,3,.600,5,@,L (-1),13.7,0,24:00,CLE,1,0,15,1,MIA,1,3
22-013,4,1,2004-01-30,3,5,0,0,.714,7,4,.667,6,,W (+9),14.5,1,40:00,LAC,0,3,14,4,MIA,3,3
22-014,3,0,2004-01-31,3,5,0,0,.500,10,0,.000,1,@,W (+24),9.2,1,29:00,NOH,2,2,10,3,MIA,2,5
22-016,6,1,2004-02-02,2,7,0,0,.500,14,3,.750,4,,L (-2),12.7,1,38:00,DET,2,2,17,1,MIA,4,4
22-022,2,0,2004-02-08,4,5,0,0,.714,7,5,.500,10,@,L (-6),10.9,0,26:00,IND,0,2,15,1,MIA,2,4
22-024,3,0,2004-02-10,2,7,0,0,.583,12,5,.714,7,,L (-15),14.8,1,42:00,LAL,1,3,19,1,MIA,1,3
22-025,5,0,2004-02-11,4,10,0,0,.625,16,7,.778,9,@,W (+13),21.3,1,40:00,ORL,6,4,27,0,MIA,5,10
22-031,2,1,2004-02-17,4,8,1,3,.615,13,14,.824,17,,W (+12),22.0,1,38:00,UTA,0,3,31,1,MIA,5,4
22-034,7,1,2004-02-20,0,8,2,2,.667,12,4,.800,5,,W (+33),22.0,1,30:00,ATL,2,1,22,0,MIA,1,2
22-035,0,1,2004-02-21,3,13,0,1,.542,24,2,1.000,2,,W (+16),19.4,1,38:00,DEN,4,1,28,1,MIA,2,7
22-037,5,1,2004-02-23,2,5,0,1,.333,15,2,.500,4,,L (-8),9.5,1,41:00,POR,2,1,12,5,MIA,4,4
22-042,7,0,2004-02-28,8,5,0,1,.294,17,7,.875,8,@,L (-6),5.7,1,43:00,NJN,1,5,17,3,MIA,10,9
22-043,5,0,2004-02-29,5,0,0,1,.000,7,6,1.000,6,@,L (-4),1.1,1,25:00,MIL,0,0,6,0,MIA,5,5
22-052,2,0,2004-03-09,1,3,0,0,.375,8,3,.750,4,,W (+11),4.2,0,22:00,ORL,1,1,9,2,MIA,4,2
22-053,4,0,2004-03-10,1,5,0,1,.357,14,1,1.000,1,@,L (-11),4.8,0,30:00,NOH,1,3,11,0,MIA,1,2
22-055,6,0,2004-03-12,2,3,0,0,.333,9,0,,0,,W (+8),2.3,0,23:00,SEA,0,1,6,0,MIA,3,2
22-057,4,0,2004-03-14,2,6,0,0,.667,9,4,1.000,4,,W (+9),11.9,1,29:00,NJN,0,4,16,2,MIA,4,2
22-059,2,0,2004-03-16,5,8,0,0,.500,16,7,1.000,7,,W (+13),18.3,1,37:00,NOH,2,5,23,6,MIA,5,7
22-063,8,0,2004-03-20,4,7,0,0,.538,13,3,.750,4,,W (+32),14.0,1,33:00,PHI,1,2,17,0,MIA,3,5
22-064,6,1,2004-03-21,3,10,0,0,.526,19,2,.500,4,@,W (+20),16.4,1,37:00,WAS,1,0,22,2,MIA,4,4
22-067,7,2,2004-03-24,3,8,0,0,.800,10,8,1.000,8,@,W (+15),21.8,1,36:00,ORL,0,4,24,1,MIA,5,3
22-069,7,0,2004-03-26,2,8,2,4,.471,17,6,.750,8,,W (+1),18.8,1,40:00,DAL,0,3,24,4,MIA,4,2
22-071,7,1,2004-03-28,4,4,0,0,.333,12,6,.750,8,@,L (-7),8.8,1,36:00,IND,0,1,14,1,MIA,5,4
22-072,7,0,2004-03-29,2,6,0,2,.400,15,9,.750,12,,W (+9),14.6,1,40:00,CHI,0,4,21,0,MIA,1,2
22-074,2,0,2004-03-31,0,4,0,1,.400,10,2,.500,4,@,W (+3),2.0,1,33:00,ATL,0,3,10,0,MIA,2,0
22-076,4,0,2004-04-02,3,3,0,1,.500,6,1,.500,2,@,L (-8),7.2,1,30:00,DET,3,3,7,1,MIA,2,6
22-077,3,0,2004-04-03,1,4,0,1,.400,10,0,,0,@,W (+14),5.0,1,19:00,CHI,0,0,8,1,MIA,1,1
22-081,4,0,2004-04-07,8,5,0,0,.417,12,6,.750,8,,W (+3),6.8,1,40:00,BOS,0,3,16,0,MIA,6,8
22-083,7,0,2004-04-09,0,5,0,0,.500,10,10,.833,12,,W (+15),22.7,1,41:00,CLE,2,2,20,5,MIA,2,2
22-084,3,0,2004-04-10,2,4,0,0,.364,11,9,.750,12,@,L (-11),11.8,1,29:00,CLE,2,0,17,0,MIA,2,4
22-086,5,0,2004-04-12,2,4,2,4,.364,11,1,.500,2,@,W (+7),3.8,1,32:00,BOS,2,3,11,0,MIA,5,4
22-088,4,2,2004-04-14,2,4,0,1,.444,9,5,.714,7,,W (+12),12.9,1,27:00,NJN,0,1,13,3,MIA,2,2
36-273,2,0,2018-10-17,6,3,0,1,.231,13,3,.750,4,@,L (-3),2.6,0,26:02,ORL,5,2,9,0,MIA,4,11
36-274,4,0,2018-10-18,6,4,0,2,.364,11,1,.500,2,@,W (+1),7.1,0,26:25,WAS,2,1,9,2,MIA,3,8
36-276,3,2,2018-10-20,2,9,2,6,.600,15,1,.500,2,,L (-1),13.5,0,24:41,CHO,1,5,21,0,MIA,3,3
36-280,4,1,2018-10-24,2,3,1,3,.300,10,0,,0,,W (+23),2.9,0,25:54,NYK,0,1,7,0,MIA,2,2
36-283,1,0,2018-10-27,1,7,4,6,.583,12,1,.500,2,,W (+9),12.2,0,20:49,POR,2,3,19,0,MIA,2,3
36-285,3,0,2018-10-29,2,2,2,5,.200,10,2,1.000,2,,L (-10),2.4,0,27:21,SAC,1,2,8,0,MIA,2,3
36-286,4,0,2018-10-30,1,6,4,6,.600,10,3,1.000,3,@,L (-12),16.7,0,24:39,CHO,0,2,19,1,MIA,1,1
36-290,3,0,2018-11-03,4,7,2,6,.538,13,3,.500,6,@,L (-5),11.4,0,26:26,ATL,0,1,19,1,MIA,4,4
36-292,2,1,2018-11-05,0,8,0,1,.533,15,2,.333,6,@,W (+5),8.1,0,28:45,DET,1,2,18,0,MIA,3,1
36-307,2,1,2018-11-20,2,2,0,3,.250,8,1,.500,2,,L (-12),0.3,0,13:56,BRK,0,3,5,0,MIA,1,2
36-310,2,1,2018-11-23,4,5,0,2,.500,10,0,,0,@,W (+7),5.9,0,24:03,CHI,0,1,10,2,MIA,4,4
36-312,6,1,2018-11-25,1,13,4,7,.591,22,5,.714,7,@,L (-10),27.8,0,34:06,TOR,4,3,35,0,MIA,3,5
36-314,3,1,2018-11-27,0,6,1,3,.545,11,5,.833,6,,L (-2),14.4,0,26:42,ATL,1,1,18,0,MIA,1,1
36-317,6,0,2018-11-30,4,6,2,5,.400,15,4,.667,6,,W (+5),13.8,0,26:47,NOP,1,1,18,0,MIA,1,5
36-319,8,1,2018-12-02,3,4,2,6,.267,15,5,1.000,5,,W (+2),13.3,0,30:26,UTA,0,0,15,1,MIA,1,3
36-321,4,1,2018-12-04,1,5,1,4,.385,13,0,,0,,L (-15),4.9,0,22:12,ORL,0,2,11,1,MIA,3,1
36-324,2,0,2018-12-07,1,0,0,3,.000,6,2,1.000,2,@,W (+17),-3.3,0,21:04,PHO,0,2,2,1,MIA,3,1
36-325,6,1,2018-12-08,4,8,5,10,.381,21,4,.500,8,@,W (+23),17.0,0,31:58,LAC,2,1,25,1,MIA,3,6
36-327,10,1,2018-12-10,5,6,0,7,.316,19,3,.750,4,@,L (-3),10.7,0,32:00,LAL,0,3,15,1,MIA,2,5
36-329,2,0,2018-12-12,1,2,1,1,.333,6,1,.500,2,@,L (-27),2.1,0,18:56,UTA,0,2,6,0,MIA,1,1
36-333,2,0,2018-12-16,3,6,3,6,.500,12,4,1.000,4,@,W (+6),12.4,0,23:10,NOP,3,0,19,0,MIA,5,6
36-337,3,0,2018-12-20,2,4,0,6,.235,17,2,1.000,2,,W (+2),1.0,0,25:48,HOU,0,1,10,1,MIA,2,2
36-339,3,0,2018-12-22,8,4,0,1,.444,9,5,.833,6,,W (+7),13.4,0,26:32,MIL,0,0,13,1,MIA,0,8
36-340,4,0,2018-12-23,1,4,1,4,.333,12,1,1.000,1,@,W (+24),5.9,0,23:42,ORL,0,1,10,0,MIA,0,1
36-343,6,1,2018-12-26,0,4,1,4,.333,12,1,.500,2,,L (-2),7.0,0,23:38,TOR,1,1,10,1,MIA,2,1
36-345,4,0,2018-12-28,5,5,0,2,.500,10,0,,0,,W (+24),10.2,0,23:49,CLE,1,2,10,2,MIA,1,6
36-347,5,1,2018-12-30,3,8,0,0,.533,15,5,.714,7,,L (-9),14.5,0,27:50,MIN,1,3,21,0,MIA,3,4
36-352,6,1,2019-01-04,3,5,0,3,.455,11,4,.667,6,,W (+6),10.9,0,25:10,WAS,0,1,14,1,MIA,3,3
36-354,3,1,2019-01-06,4,3,1,2,.375,8,4,.571,7,@,L (-24),9.4,0,22:54,ATL,0,0,11,1,MIA,1,4
36-356,6,1,2019-01-08,2,3,1,2,.429,7,3,.500,6,,L (-4),10.5,0,28:44,DEN,1,2,10,2,MIA,2,3
36-358,1,0,2019-01-10,0,8,3,5,.667,12,0,,0,,W (+16),13.1,0,22:34,BOS,0,1,19,1,MIA,2,0
36-360,5,1,2019-01-12,3,4,1,4,.364,11,1,.500,2,,W (+4),7.8,0,24:51,MEM,0,2,10,0,MIA,0,3
36-363,4,0,2019-01-15,3,4,1,3,.571,7,0,,0,@,L (-38),7.0,0,22:08,MIL,0,1,9,0,MIA,2,3
37-001,8,0,2019-01-18,4,10,0,2,.714,14,0,.000,1,@,L (-5),14.4,0,28:29,DET,0,3,20,0,MIA,5,4
37-002,7,0,2019-01-19,7,5,2,3,.455,11,2,1.000,2,@,W (+14),11.8,0,26:47,CHI,3,4,14,0,MIA,4,10
37-004,6,0,2019-01-21,2,3,0,2,.300,10,2,1.000,2,@,L (-8),5.2,0,23:11,BOS,0,2,8,1,MIA,2,2
37-006,4,0,2019-01-23,2,6,0,2,.429,14,1,.500,2,,L (-12),9.3,0,23:19,LAC,1,0,13,1,MIA,1,3
37-008,3,0,2019-01-25,5,5,1,3,.357,14,2,1.000,2,@,W (+6),6.5,0,28:00,CLE,1,0,13,0,MIA,3,6
37-010,10,0,2019-01-27,5,5,1,2,.417,12,4,1.000,4,@,W (+9),11.9,0,27:43,NYK,0,3,15,1,MIA,5,5
37-015,6,0,2019-02-01,0,2,0,3,.250,8,3,.750,4,,L (-16),5.9,0,22:35,OKC,1,2,7,3,MIA,3,1
37-016,4,1,2019-02-02,4,7,3,6,.467,15,4,1.000,4,,L (-7),17.6,0,27:22,IND,2,2,21,0,MIA,1,6
37-019,3,1,2019-02-05,7,9,0,0,.529,17,4,1.000,4,@,W (+10),18.6,0,28:50,POR,2,1,22,0,MIA,1,9
37-022,4,0,2019-02-08,3,6,3,7,.429,14,0,.000,1,@,L (-6),8.6,0,25:54,SAC,1,0,15,0,MIA,3,4
37-024,9,1,2019-02-10,3,5,0,3,.357,14,0,.000,3,@,L (-2),10.0,0,28:56,GSW,3,0,10,1,MIA,2,6
37-025,3,0,2019-02-11,1,4,0,2,.444,9,0,,0,@,L (-16),5.9,0,22:08,DEN,0,2,8,2,MIA,1,1
37-027,1,1,2019-02-13,1,9,1,3,.643,14,3,.750,4,@,W (+11),14.0,0,22:06,DAL,1,2,22,0,MIA,3,2
35-273,3,2,2017-10-17,1,3,0,1,.300,10,2,1.000,2,,W (+3),2.3,1,28:30,BOS,1,1,8,0,CLE,4,2
35-276,3,0,2017-10-20,2,2,0,1,.286,7,0,,0,@,W (+19),-0.6,1,26:15,MIL,0,3,4,1,CLE,3,2
35-277,4,0,2017-10-21,1,2,1,1,.250,8,0,,0,,L (-21),2.6,1,16:05,ORL,1,1,5,0,CLE,1,2
35-280,4,1,2017-10-24,3,5,0,0,.714,7,1,.500,2,,W (+7),11.7,0,18:40,CHI,0,1,11,1,CLE,1,3
35-284,4,0,2017-10-28,0,7,1,2,.583,12,0,.000,1,@,L (-22),10.0,0,23:20,NOP,0,2,15,1,CLE,2,0
35-285,5,2,2017-10-29,3,3,0,1,.429,7,0,,0,,L (-19),6.3,0,23:57,NYK,0,2,6,1,CLE,2,3
35-288,4,0,2017-11-01,1,2,0,2,.286,7,1,.500,2,,L (-17),1.0,0,16:42,IND,0,4,5,0,CLE,1,1
35-290,4,1,2017-11-03,3,1,0,1,.250,4,0,,0,@,W (+8),4.6,0,14:19,WAS,0,1,2,1,CLE,0,3
35-292,6,1,2017-11-05,8,8,1,5,.421,19,8,1.000,8,,L (-2),21.3,0,32:13,ATL,3,5,25,0,CLE,1,11
35-294,3,2,2017-11-07,2,4,0,0,.500,8,2,1.000,2,,W (+5),9.2,0,26:52,MIL,1,4,10,1,CLE,1,3
35-296,2,0,2017-11-09,2,3,0,0,.429,7,2,.500,4,@,L (-4),3.7,0,20:08,HOU,0,2,8,1,CLE,2,2
35-298,3,1,2017-11-11,4,0,0,0,.000,5,3,.750,4,@,W (+7),-2.7,0,14:35,DAL,0,2,3,0,CLE,5,4
35-300,3,1,2017-11-13,3,7,0,0,.467,15,1,1.000,1,@,W (+3),11.5,0,27:33,NYK,5,5,15,2,CLE,3,8
35-302,5,0,2017-11-15,5,2,0,0,.333,6,3,1.000,3,@,W (+8),8.6,0,19:27,CHO,2,1,7,2,CLE,3,7
35-304,5,2,2017-11-17,10,6,0,1,.375,16,11,.846,13,,W (+5),21.6,0,36:49,LAC,1,1,23,2,CLE,2,11
35-307,5,0,2017-11-20,4,4,0,0,.500,8,0,,0,@,W (+28),8.3,0,19:32,DET,0,1,8,1,CLE,1,4
35-309,5,0,2017-11-22,4,8,1,1,.615,13,1,.250,4,,W (+10),13.8,0,28:17,BRK,0,2,18,1,CLE,2,4
35-311,2,2,2017-11-24,0,5,0,1,.455,11,0,,0,,W (+1),3.3,0,24:33,CHO,0,2,10,0,CLE,3,0
35-314,5,2,2017-11-27,3,5,1,2,.417,12,4,.571,7,@,W (+22),11.5,0,24:37,PHI,1,1,15,0,CLE,2,4
35-315,4,0,2017-11-28,5,8,1,2,.500,16,0,,0,,W (+11),12.9,0,27:43,MIA,0,1,17,2,CLE,2,5
35-317,3,2,2017-11-30,2,6,3,5,.545,11,4,.667,6,@,W (+7),18.2,0,22:34,ATL,0,2,19,4,CLE,2,2
35-319,4,2,2017-12-02,2,6,0,0,.667,9,4,.800,5,,W (+5),14.7,0,24:42,MEM,0,2,16,1,CLE,2,2
35-321,2,0,2017-12-04,5,9,1,2,.692,13,5,1.000,5,@,W (+22),22.1,0,25:58,CHI,1,0,24,0,CLE,0,6
35-323,6,0,2017-12-06,2,1,0,1,.200,5,2,.333,6,,W (+6),1.8,0,24:45,SAC,1,0,4,0,CLE,3,3
35-325,4,0,2017-12-08,0,4,1,1,.667,6,0,,0,@,L (-4),7.7,0,25:34,IND,1,3,9,1,CLE,2,1
35-326,4,1,2017-12-09,1,6,0,1,.600,10,1,.250,4,,W (+7),6.8,0,23:48,PHI,0,3,13,0,CLE,3,1
35-331,6,0,2017-12-14,1,3,1,2,.333,9,3,.750,4,,W (+9),7.3,0,22:55,LAL,1,1,10,0,CLE,2,2
35-333,5,1,2017-12-16,5,3,0,1,.273,11,1,1.000,1,,W (+9),3.9,0,19:32,UTA,1,0,7,0,CLE,3,6
35-336,2,0,2017-12-19,3,5,4,6,.500,10,0,,0,@,L (-3),11.2,0,26:26,MIL,1,2,14,2,CLE,2,4
35-338,4,2,2017-12-21,2,5,0,3,.417,12,0,,0,,W (+3),6.7,0,24:00,CHI,1,1,10,3,CLE,5,3
35-342,4,0,2017-12-25,4,4,1,4,.364,11,4,.800,5,@,L (-7),14.2,0,29:18,GSW,1,0,13,3,CLE,0,5
35-344,1,1,2017-12-27,2,1,0,0,.333,3,3,.750,4,@,L (-14),4.5,0,18:34,SAC,0,1,5,1,CLE,1,2
35-347,4,0,2017-12-30,6,3,2,5,.333,9,1,.500,2,@,L (-3),6.2,0,25:02,UTA,1,4,9,0,CLE,1,7
35-350,3,0,2018-01-02,6,6,0,1,.545,11,3,.750,4,,W (+17),14.2,0,17:54,POR,2,1,15,0,CLE,0,8
35-351,0,0,2018-01-03,1,2,0,2,.200,10,1,1.000,1,@,L (-14),1.4,0,22:53,BOS,1,1,5,3,CLE,1,2
35-354,3,0,2018-01-06,6,7,0,0,.778,9,2,.400,5,@,W (+4),15.5,0,25:02,ORL,3,2,16,1,CLE,2,9
35-356,6,1,2018-01-08,4,4,0,1,.444,9,5,1.000,5,@,L (-28),10.6,0,24:07,MIN,0,2,13,0,CLE,3,4
35-359,3,0,2018-01-11,0,2,0,1,.250,8,0,,0,@,L (-34),1.3,0,17:53,TOR,0,0,4,0,CLE,0,0
35-363,5,0,2018-01-15,4,5,0,2,.357,14,0,,0,,L (-10),8.2,0,25:22,GSW,3,2,10,1,CLE,1,7
36-001,1,1,2018-01-18,0,5,1,2,.455,11,0,,0,,W (+1),2.8,0,18:02,ORL,1,4,11,0,CLE,3,1
36-003,3,0,2018-01-20,3,4,0,1,.800,5,3,1.000,3,,L (-24),7.9,0,20:04,OKC,0,3,11,2,CLE,5,3
36-006,2,0,2018-01-23,5,6,0,0,.750,8,0,,0,@,L (-12),12.0,0,17:31,SAS,1,1,12,2,CLE,2,6
36-013,5,1,2018-01-30,6,6,1,1,.750,8,5,.556,9,@,L (-11),17.8,0,28:02,DET,2,2,18,0,CLE,2,8
36-014,2,2,2018-01-31,4,2,0,1,.250,8,5,.833,6,,W (+2),6.7,0,26:08,MIA,1,2,9,1,CLE,2,5
36-017,1,0,2018-02-03,0,5,0,1,.455,11,0,,0,,L (-32),3.3,0,20:13,HOU,1,1,10,0,CLE,2,1
36-020,1,1,2018-02-06,4,3,2,5,.500,6,3,.500,6,@,L (-18),6.6,0,22:19,ORL,0,2,11,0,CLE,2,4
36-023,2,2,2018-02-09,2,1,1,1,.167,6,0,,0,,W (+6),-0.6,0,22:02,MIL,0,3,3,2,MIA,4,2
36-027,6,0,2018-02-13,8,4,0,2,.444,9,2,1.000,2,@,L (-3),9.6,0,21:26,TOR,3,1,10,0,MIA,4,11
36-028,2,1,2018-02-14,3,4,0,2,.308,13,0,.000,2,@,L (-2),-1.9,0,22:42,PHI,0,4,8,1,MIA,4,3
36-037,1,0,2018-02-23,4,7,0,1,.350,20,2,1.000,2,@,L (-1),4.6,0,26:17,NOP,1,2,16,0,MIA,2,5
36-038,4,0,2018-02-24,1,3,0,0,.429,7,0,,0,,W (+26),4.9,0,18:11,MEM,3,4,6,0,MIA,1,4
36-041,1,1,2018-02-27,1,10,2,4,.625,16,5,1.000,5,,W (+1),22.1,0,25:02,PHI,0,1,27,3,MIA,2,1
36-043,3,0,2018-03-01,3,11,1,3,.611,18,2,1.000,2,,L (-18),17.2,0,25:38,LAL,0,4,25,0,MIA,1,3
36-045,1,0,2018-03-03,5,3,0,2,.333,9,5,.556,9,,W (+9),2.4,0,23:02,DET,1,2,11,0,MIA,4,6
36-047,2,0,2018-03-05,2,4,1,4,.444,9,3,.750,4,,W (+22),10.5,0,21:34,PHO,0,1,12,2,MIA,0,2
36-048,6,1,2018-03-06,2,8,0,5,.444,18,6,1.000,6,@,L (-4),15.3,0,28:16,WAS,0,2,22,1,MIA,3,2
36-050,2,0,2018-03-08,5,7,1,1,.538,13,1,.500,2,,W (+9),9.1,0,23:27,PHI,1,2,16,0,MIA,3,6
36-052,1,0,2018-03-10,1,3,0,2,.273,11,2,1.000,2,,W (+27),2.7,0,14:55,WAS,0,2,8,1,MIA,0,1
36-065,2,0,2018-03-23,1,3,0,1,.333,9,1,.500,2,@,L (-6),1.8,0,19:59,OKC,0,1,7,1,MIA,2,1
36-067,7,2,2018-03-25,4,6,1,2,.462,13,0,,0,@,L (-6),12.4,0,26:57,IND,0,1,13,0,MIA,1,4
36-069,4,4,2018-03-27,2,5,0,1,.455,11,2,1.000,2,,W (+19),8.7,0,17:20,CLE,0,2,12,1,MIA,4,2
36-071,4,0,2018-03-29,3,2,0,0,.286,7,4,1.000,4,,W (+11),8.2,0,18:27,CHI,0,1,8,3,MIA,2,3
36-073,4,1,2018-03-31,3,5,1,1,.313,16,2,.667,3,,L (-1),5.7,0,27:57,BRK,1,2,13,1,MIA,3,4
36-076,6,1,2018-04-03,4,5,0,4,.455,11,1,.500,2,,W (+3),8.6,0,24:05,ATL,0,1,11,0,MIA,2,4
36-079,3,1,2018-04-06,5,3,1,2,.333,9,0,,0,@,L (-24),5.4,0,19:11,NYK,0,2,7,0,MIA,0,5
36-082,2,1,2018-04-09,1,2,0,2,.200,10,2,.500,4,,L (-22),-2.7,0,24:20,OKC,1,2,6,1,MIA,5,2
36-084,2,0,2018-04-11,0,5,0,1,.417,12,1,.500,2,,W (+7),6.6,0,16:35,TOR,0,0,11,2,MIA,1,0
34-284,5,1,2016-10-27,4,7,4,6,.389,18,4,1.000,4,,W (+6),14.4,1,32:25,BOS,2,4,22,0,CHI,3,6
34-286,2,0,2016-10-29,3,4,0,0,.571,7,6,1.000,6,,W (+17),16.0,1,21:04,IND,2,1,14,2,CHI,0,5
34-288,4,1,2016-10-31,3,5,1,3,.385,13,1,1.000,1,@,W (+30),6.1,1,28:45,BRK,0,3,12,3,CHI,5,3
34-290,4,0,2016-11-02,1,5,0,3,.385,13,5,.833,6,@,L (-7),12.6,1,35:19,BOS,0,0,15,2,CHI,0,1
34-292,1,0,2016-11-04,8,12,5,7,.600,20,6,.750,8,,L (-13),25.3,1,33:20,NYK,2,3,35,0,CHI,3,10
34-293,0,0,2016-11-05,1,1,0,2,.111,9,2,1.000,2,@,L (-17),-3.4,1,21:35,IND,0,2,4,1,CHI,2,1
34-295,4,2,2016-11-07,2,7,0,2,.583,12,2,1.000,2,,W (+32),15.7,1,24:58,ORL,1,3,16,2,CHI,1,3
34-297,3,0,2016-11-09,1,10,2,5,.588,17,3,.750,4,@,L (-8),22.1,1,33:58,ATL,2,1,25,5,CHI,3,3
34-298,4,0,2016-11-10,6,5,0,4,.294,17,3,1.000,3,@,W (+3),6.0,1,32:24,MIA,1,1,13,1,CHI,3,7
34-300,2,1,2016-11-12,0,5,0,2,.294,17,4,1.000,4,,W (+11),5.8,1,29:49,WAS,2,2,14,1,CHI,2,2
34-303,5,0,2016-11-15,3,8,0,0,.444,18,3,.600,5,@,W (+25),14.8,1,31:03,POR,2,2,19,2,CHI,1,5
34-305,1,1,2016-11-17,1,7,0,2,.412,17,4,1.000,4,@,W (+8),9.5,1,33:08,UTA,1,2,18,0,CHI,1,2
34-307,3,2,2016-11-19,6,9,5,9,.450,20,5,.833,6,@,L (-7),21.8,1,35:48,LAC,3,2,28,1,CHI,3,9
34-310,2,1,2016-11-22,2,9,2,4,.429,21,2,1.000,2,@,L (-3),14.1,1,34:39,DEN,1,3,22,1,CHI,0,3
34-313,2,1,2016-11-25,4,11,1,3,.611,18,3,.600,5,@,W (+16),22.2,1,28:55,PHI,1,2,26,3,CHI,1,5
34-318,6,0,2016-11-30,3,7,0,1,.467,15,3,.750,4,,L (-6),10.5,1,30:17,LAL,1,3,17,2,CHI,5,4
34-320,4,0,2016-12-02,2,11,1,4,.478,23,1,.500,2,,W (+6),14.6,1,36:35,CLE,3,2,24,2,CHI,4,5
34-323,3,2,2016-12-05,2,11,1,3,.478,23,11,.846,13,,L (-2),22.8,1,35:32,POR,2,3,34,1,CHI,4,4
34-324,8,0,2016-12-06,3,5,0,2,.385,13,9,.900,10,@,L (-11),15.8,1,33:47,DET,0,3,19,1,CHI,2,3
34-326,5,1,2016-12-08,4,5,1,3,.385,13,9,.692,13,,W (+4),15.0,1,34:05,SAS,1,1,20,1,CHI,3,5
34-328,3,2,2016-12-10,3,11,0,2,.458,24,6,.857,7,,W (+5),16.8,1,35:18,MIA,0,2,28,1,CHI,3,3
34-331,8,1,2016-12-13,4,4,1,3,.308,13,3,.500,6,,L (-5),10.7,1,32:18,MIN,1,2,12,2,CHI,2,5
34-333,6,1,2016-12-15,3,8,0,3,.615,13,4,.667,6,@,L (-11),15.3,1,33:08,MIL,0,2,20,1,CHI,4,3
34-334,1,0,2016-12-16,5,5,1,2,.357,14,1,.500,2,,L (-26),7.0,1,24:21,MIL,0,0,12,1,CHI,0,5
34-337,4,0,2016-12-19,3,6,0,0,.600,10,1,1.000,1,,W (+31),12.8,1,22:13,DET,1,0,13,1,CHI,1,4
34-339,3,1,2016-12-21,3,7,0,1,.350,20,5,.833,6,,L (-10),9.9,1,32:14,WAS,0,3,19,1,CHI,1,3
34-341,2,0,2016-12-23,6,5,0,1,.313,16,2,1.000,2,@,L (-12),6.9,1,26:10,CHO,1,2,12,2,CHI,1,7
34-343,6,0,2016-12-25,1,9,1,3,.563,16,5,1.000,5,@,L (-19),22.5,1,28:23,SAS,2,2,24,1,CHI,0,3
34-344,5,2,2016-12-26,2,8,0,4,.421,19,5,1.000,5,,W (+5),16.7,1,32:30,IND,1,1,21,2,CHI,2,3
34-346,1,1,2016-12-28,2,5,0,1,.385,13,6,.857,7,,W (+2),8.5,1,22:14,BRK,2,1,16,0,CHI,3,4
34-348,5,0,2016-12-30,2,8,1,2,.444,18,3,.750,4,@,L (-10),12.5,1,30:19,IND,0,2,20,2,CHI,3,2
34-349,5,1,2016-12-31,4,3,1,4,.231,13,1,.500,2,,L (-20),3.0,1,25:01,MIL,1,2,8,1,CHI,3,5
34-353,4,0,2017-01-04,3,3,3,4,.333,9,1,.500,2,@,W (+12),6.5,1,27:19,CLE,1,1,10,2,CHI,4,4
34-356,7,1,2017-01-07,3,6,1,2,.316,19,7,1.000,7,,W (+5),14.5,1,38:54,TOR,1,2,20,1,CHI,2,4
34-358,6,1,2017-01-09,4,7,2,3,.467,15,6,.750,8,,L (-15),18.2,1,27:31,OKC,0,1,22,0,CHI,1,4
34-361,3,0,2017-01-12,3,9,0,2,.450,20,4,.667,6,@,L (-15),11.8,1,32:58,NYK,0,0,22,2,CHI,4,3
34-363,5,0,2017-01-14,4,9,1,4,.375,24,3,.600,5,,W (+8),12.4,1,31:33,NOP,1,5,22,2,CHI,1,5
35-000,2,1,2017-01-17,4,8,0,1,.381,21,1,.333,3,,L (-1),3.5,1,34:36,DAL,1,3,17,0,CHI,4,5
35-003,3,0,2017-01-20,1,2,0,2,.200,10,0,,0,@,L (-9),-0.5,1,20:06,ATL,1,1,4,1,CHI,2,2
35-004,4,4,2017-01-21,3,9,0,2,.450,20,12,.800,15,,W (+3),29.0,1,35:16,SAC,3,0,30,4,CHI,2,6
35-007,3,1,2017-01-24,5,9,1,1,.391,23,2,1.000,2,@,W (+8),17.0,1,33:42,ORL,2,3,21,7,CHI,3,7
35-008,2,1,2017-01-25,2,14,0,1,.583,24,5,.625,8,,L (-5),24.9,1,30:49,ATL,2,2,33,2,CHI,1,4
35-010,3,0,2017-01-27,5,6,0,0,.353,17,3,.750,4,,L (-12),6.2,0,28:02,MIA,1,3,15,2,CHI,4,6
35-012,6,0,2017-01-29,4,6,0,0,.500,12,2,1.000,2,,W (+13),13.4,1,26:17,PHI,2,1,14,3,CHI,4,6
35-015,7,0,2017-02-01,7,7,0,1,.583,12,4,1.000,4,@,W (+28),21.0,1,24:25,OKC,0,1,18,2,CHI,0,7
35-017,6,0,2017-02-03,9,8,2,4,.364,22,1,1.000,1,@,L (-4),8.9,1,36:08,HOU,0,2,19,0,CHI,4,9
35-020,3,2,2017-02-06,6,12,0,0,.667,18,7,.700,10,@,W (+5),27.1,1,30:23,SAC,0,3,31,1,CHI,0,6
35-024,3,2,2017-02-10,5,7,1,3,.438,16,3,1.000,3,@,L (-18),14.3,1,28:04,PHO,1,0,18,0,CHI,1,6
35-038,3,2,2017-02-24,2,8,0,1,.471,17,7,.875,8,,W (+7),17.4,1,32:30,PHO,2,5,23,2,CHI,2,4
35-039,10,0,2017-02-25,8,9,1,3,.500,18,1,.333,3,@,W (+18),18.9,1,34:05,CLE,1,1,20,0,CHI,1,9
35-042,6,0,2017-02-28,3,8,2,2,.571,14,1,1.000,1,,L (-18),15.2,1,28:18,DEN,1,0,19,0,CHI,3,4
35-044,3,0,2017-03-02,5,5,0,3,.333,15,2,.500,4,,W (+7),3.5,1,33:33,GSW,0,2,12,2,CHI,4,5
35-046,3,0,2017-03-04,5,2,1,1,.182,11,5,.833,6,,L (-10),4.8,1,32:41,LAC,1,3,10,1,CHI,2,6
35-052,2,0,2017-03-10,1,9,1,6,.500,18,2,1.000,2,,L (-21),13.3,1,24:51,HOU,2,2,21,2,CHI,3,3
35-054,0,0,2017-03-12,2,4,0,2,.364,11,0,,0,@,L (-20),3.8,1,25:36,BOS,1,1,8,2,CHI,1,3
35-055,5,1,2017-03-13,1,8,0,2,.533,15,7,.875,8,@,W (+6),19.6,1,31:31,CHO,0,3,23,2,CHI,1,1
35-057,4,0,2017-03-15,3,3,1,2,.273,11,1,.500,2,,L (-7),2.8,1,22:34,MEM,0,0,8,0,CHI,2,3
35-081,2,1,2017-04-08,5,5,0,2,.455,11,4,1.000,4,@,L (-1),7.1,1,24:34,BRK,2,3,14,0,CHI,5,7
35-083,2,2,2017-04-10,5,5,0,0,.500,10,3,.750,4,,W (+47),10.2,1,21:54,ORL,1,1,13,0,CHI,2,6
35-085,4,0,2017-04-12,2,3,0,0,.333,9,1,.500,2,,W (+39),-1.5,1,22:29,BRK,0,1,7,0,CHI,6,2
33-284,5,1,2015-10-28,2,7,0,0,.438,16,6,1.000,6,,W (+10),15.3,1,29:00,CHO,1,2,20,0,MIA,1,3
33-286,3,1,2015-10-30,4,8,1,2,.533,15,8,1.000,8,@,L (-10),15.1,1,30:25,CLE,0,4,25,2,MIA,7,4
33-288,8,0,2015-11-01,2,6,2,3,.375,16,6,1.000,6,,W (+20),18.0,1,32:50,HOU,0,1,20,2,MIA,1,2
33-290,3,1,2015-11-03,0,8,1,3,.533,15,4,.667,6,,L (-6),12.0,1,27:09,ATL,1,1,21,0,MIA,4,1
33-292,2,0,2015-11-05,4,11,1,2,.579,19,2,.400,5,@,W (+12),18.8,1,31:11,MIN,1,1,25,3,MIA,2,5
33-293,6,1,2015-11-06,0,4,0,4,.267,15,1,.500,2,@,L (-3),5.5,1,29:42,IND,1,2,9,1,MIA,0,1
33-295,2,1,2015-11-08,2,4,1,1,.308,13,3,.750,4,,W (+20),6.1,1,24:56,TOR,1,1,12,0,MIA,1,3
33-297,6,1,2015-11-10,2,5,0,1,.357,14,2,.667,3,,W (+13),7.5,1,24:44,LAL,0,2,12,0,MIA,1,2
33-304,6,0,2015-11-17,1,5,0,1,.385,13,0,,0,,L (-12),3.7,1,31:54,MIN,1,1,10,1,MIA,5,2
33-306,6,0,2015-11-19,4,10,0,2,.435,23,4,.667,6,,W (+7),18.8,1,31:17,SAC,1,1,24,2,MIA,0,5
33-308,4,1,2015-11-21,5,8,0,1,.471,17,11,.846,13,,W (+5),24.7,1,36:01,PHI,2,3,27,3,MIA,1,7
33-310,5,0,2015-11-23,2,6,0,1,.375,16,4,1.000,4,,W (+17),9.5,1,29:48,NYK,2,3,16,0,MIA,2,4
33-312,2,2,2015-11-25,2,1,0,0,.111,9,0,.000,1,@,L (-23),-1.9,1,23:26,DET,0,0,2,1,MIA,2,2
33-314,3,0,2015-11-27,3,7,0,0,.412,17,3,1.000,3,@,W (+19),9.3,1,28:56,NYK,2,0,17,0,MIA,3,5
33-317,4,0,2015-11-30,1,12,0,1,.500,24,6,1.000,6,,L (-10),21.0,1,31:32,BOS,3,3,30,5,MIA,6,4
33-320,4,0,2015-12-03,4,11,0,0,.524,21,6,.667,9,,W (+2),19.1,1,33:08,OKC,0,1,28,1,MIA,2,4
33-322,4,0,2015-12-05,4,8,0,0,.571,14,3,.600,5,,W (+15),15.5,1,28:53,CLE,1,2,19,1,MIA,1,5
33-324,9,0,2015-12-07,7,12,0,0,.800,15,2,1.000,2,,L (-11),23.5,1,31:36,WAS,0,3,26,1,MIA,5,7
33-326,4,1,2015-12-09,1,5,0,0,.455,11,1,.500,2,@,L (-18),8.4,1,24:46,CHO,1,0,11,0,MIA,1,2
33-328,5,0,2015-12-11,5,10,0,0,.435,23,0,,0,@,L (-13),10.9,1,34:06,IND,0,0,20,0,MIA,2,5
33-330,2,0,2015-12-13,3,7,0,0,.438,16,0,,0,,W (+3),5.4,1,30:13,MEM,1,3,14,0,MIA,2,4
33-331,6,0,2015-12-14,4,3,0,1,.188,16,1,1.000,1,@,W (+12),2.8,1,29:03,ATL,2,0,7,0,MIA,1,6
33-333,2,3,2015-12-16,4,13,1,1,.765,17,1,.500,2,@,W (+6),23.3,1,30:09,BRK,1,0,28,0,MIA,3,5
33-335,5,0,2015-12-18,4,8,0,2,.500,16,5,1.000,5,,L (-14),11.1,1,31:28,TOR,2,0,21,0,MIA,8,6
33-337,7,0,2015-12-20,1,6,0,0,.545,11,6,.667,9,,W (+7),16.2,1,27:22,POR,1,3,18,2,MIA,2,2
33-339,1,0,2015-12-22,3,8,0,0,.381,21,3,.750,4,,L (-1),11.1,1,28:53,DET,2,0,19,1,MIA,0,5
33-342,4,0,2015-12-25,5,7,0,2,.350,20,5,.556,9,,W (+6),8.4,1,36:48,NOP,1,2,19,1,MIA,3,6
33-343,6,1,2015-12-26,1,7,0,0,.583,12,10,1.000,10,@,W (+7),24.9,1,29:53,ORL,1,1,24,2,MIA,1,2
33-345,6,0,2015-12-28,2,7,0,1,.636,11,10,.833,12,,L (-6),19.5,1,30:19,BRK,0,4,24,1,MIA,3,2
33-346,5,0,2015-12-29,2,9,0,0,.500,18,1,.200,5,@,L (-9),15.2,1,37:25,MEM,3,1,19,3,MIA,2,5
33-349,7,0,2016-01-01,2,5,0,0,.833,6,0,,0,,W (+24),11.9,0,18:47,DAL,0,1,10,1,MIA,2,2
33-351,3,0,2016-01-03,3,3,0,0,.300,10,2,1.000,2,@,W (+22),5.9,1,24:35,WAS,1,0,8,1,MIA,1,4
33-352,3,1,2016-01-04,5,9,0,0,.409,22,9,.900,10,,W (+3),20.0,1,37:49,IND,3,3,27,0,MIA,0,8
33-354,6,0,2016-01-06,3,8,0,0,.500,16,2,1.000,2,,L (-8),12.4,1,30:30,NYK,3,2,18,0,MIA,4,6
33-356,2,2,2016-01-08,1,9,0,0,.643,14,9,.900,10,@,W (+8),19.8,1,33:09,PHO,1,1,27,1,MIA,5,2
33-357,4,0,2016-01-09,2,3,0,0,.176,17,2,.400,5,@,L (-15),-1.4,1,32:36,UTA,3,0,8,1,MIA,4,5
33-359,11,1,2016-01-11,3,6,0,0,.300,20,8,1.000,8,@,L (-8),19.7,1,32:39,GSW,4,2,20,0,MIA,0,7
33-361,4,0,2016-01-13,6,6,0,0,.600,10,4,.444,9,@,L (-14),8.0,1,30:22,LAC,2,1,16,0,MIA,7,8
34-000,3,0,2016-01-17,2,9,0,1,.600,15,4,1.000,4,@,L (-25),13.4,1,28:51,OKC,0,1,22,0,MIA,4,2
34-002,4,0,2016-01-19,1,1,0,1,.167,6,0,,0,,L (-12),-3.4,1,21:10,MIL,1,1,2,0,MIA,5,2
34-005,4,0,2016-01-22,2,10,0,0,.500,20,2,.333,6,@,L (-20),11.1,1,36:37,TOR,1,1,22,1,MIA,4,3
34-008,5,1,2016-01-25,6,11,0,0,.524,21,6,.750,8,@,W (+5),21.8,1,34:01,CHI,1,2,28,0,MIA,1,7
34-009,8,2,2016-01-26,3,11,0,0,.500,22,5,1.000,5,@,W (+4),24.2,1,32:26,BRK,1,1,27,3,MIA,3,4
34-012,7,3,2016-01-29,3,7,0,0,.538,13,10,.769,13,@,W (+4),23.3,1,32:14,MIL,1,2,24,3,MIA,4,4
34-014,8,1,2016-01-31,4,5,0,0,.417,12,7,.875,8,,W (+18),16.3,1,28:53,ATL,0,1,17,2,MIA,3,4
34-016,4,1,2016-02-02,1,6,0,0,.333,18,4,.667,6,@,L (-13),8.9,1,29:23,HOU,3,0,16,1,MIA,3,4
34-017,4,0,2016-02-03,4,6,0,1,.316,19,6,.750,8,@,W (+3),13.1,1,28:15,DAL,4,0,18,1,MIA,1,8
34-019,5,0,2016-02-05,2,11,0,0,.550,20,0,,0,@,W (+3),15.4,1,29:40,CHO,1,2,22,2,MIA,3,3
34-021,3,0,2016-02-07,2,7,0,0,.350,20,3,.600,5,,L (-7),4.2,1,32:12,LAC,1,3,17,1,MIA,4,3
34-023,5,0,2016-02-09,0,9,0,0,.750,12,2,.667,3,,L (-18),16.5,1,30:50,SAS,0,2,20,1,MIA,2,0
34-036,3,1,2016-02-22,4,4,0,2,.190,21,8,.800,10,,W (+8),1.2,1,39:11,IND,1,4,16,1,MIA,5,5
34-038,7,1,2016-02-24,2,11,0,0,.550,20,10,.909,11,,L (-6),24.3,1,32:38,GSW,1,4,32,1,MIA,4,3
34-041,3,0,2016-02-27,4,7,0,1,.368,19,5,.714,7,@,L (-12),8.7,1,33:28,BOS,1,0,19,1,MIA,4,5
34-042,6,0,2016-02-28,6,9,0,0,.450,20,8,.800,10,@,W (+17),20.7,1,32:17,NYK,1,2,26,2,MIA,2,7
34-044,7,1,2016-03-01,2,7,0,0,.538,13,4,.667,6,,W (+18),11.1,1,34:13,CHI,0,5,18,1,MIA,5,2
34-046,7,0,2016-03-03,3,9,0,0,.529,17,9,.900,10,,W (+16),22.4,1,33:00,PHO,1,1,27,0,MIA,2,4
34-047,4,1,2016-03-04,6,7,0,0,.438,16,7,.778,9,@,W (+10),16.7,1,26:29,PHI,2,2,21,3,MIA,4,8
34-049,3,0,2016-03-06,3,5,0,0,.333,15,13,.929,14,,W (+5),17.3,1,31:09,PHI,0,2,23,2,MIA,1,3
34-052,6,0,2016-03-09,3,6,0,1,.429,14,6,1.000,6,@,L (-6),9.7,1,33:55,MIL,0,5,18,2,MIA,6,3
34-054,5,2,2016-03-11,5,3,0,0,.200,15,3,.750,4,@,W (+22),5.1,1,30:59,CHI,2,0,9,0,MIA,2,7
34-057,5,1,2016-03-14,2,7,0,0,.467,15,5,.714,7,,W (+5),11.9,1,30:36,DEN,0,1,19,2,MIA,5,2
34-060,3,2,2016-03-17,3,3,0,1,.231,13,5,.833,6,,L (-3),3.7,1,30:57,CHO,0,1,11,0,MIA,3,3
34-062,4,0,2016-03-19,2,10,0,0,.588,17,4,1.000,4,,W (+21),19.5,1,28:24,CLE,2,1,24,1,MIA,2,4
34-065,3,0,2016-03-22,5,10,0,0,.476,21,5,.833,6,@,W (+14),17.7,1,31:12,NOP,2,3,25,1,MIA,1,7
34-066,3,1,2016-03-23,4,8,0,0,.615,13,0,.000,1,@,L (-24),11.4,1,24:38,SAS,1,0,16,0,MIA,3,5
34-068,4,1,2016-03-25,3,2,0,1,.222,9,7,.875,8,,W (+11),10.1,1,25:21,ORL,0,1,11,1,MIA,0,3
34-071,9,2,2016-03-28,2,14,0,1,.737,19,2,1.000,2,,W (+11),27.4,1,31:32,BRK,0,3,30,2,MIA,4,2
34-073,5,2,2016-03-30,8,12,0,0,.571,21,2,1.000,2,@,L (-2),20.0,1,38:35,LAL,2,2,26,0,MIA,4,10
34-079,2,0,2016-04-05,1,5,0,0,.500,10,6,.857,7,,W (+18),11.9,1,24:33,DET,0,1,16,2,MIA,2,1
34-081,4,0,2016-04-07,3,9,0,0,.500,18,3,1.000,3,,W (+8),13.7,1,32:56,CHI,2,1,21,1,MIA,4,5
34-082,5,0,2016-04-08,0,7,0,3,.368,19,3,.750,4,@,L (-3),7.9,1,31:27,ORL,1,1,17,1,MIA,3,1
34-084,3,0,2016-04-10,3,7,0,0,.778,9,3,1.000,3,,W (+22),18.1,1,23:56,ORL,0,1,17,3,MIA,1,3
34-086,3,0,2016-04-12,4,6,0,1,.375,16,2,.667,3,@,W (+6),6.3,1,33:39,DET,0,2,14,0,MIA,1,4
34-087,5,1,2016-04-13,3,7,0,1,.438,16,3,1.000,3,@,L (-10),9.9,1,31:03,BOS,0,2,17,0,MIA,3,3
32-285,3,0,2014-10-29,1,8,2,3,.500,16,3,1.000,3,,W (+12),14.6,1,31:26,WAS,0,2,21,2,MIA,2,1
32-288,10,0,2014-11-01,2,4,0,1,.222,18,1,.333,3,@,W (+18),2.1,1,32:36,PHI,1,1,9,3,MIA,6,3
32-289,7,2,2014-11-02,7,7,1,1,.636,11,4,.667,6,,W (+5),20.7,1,31:20,TOR,4,2,19,0,MIA,3,11
32-291,3,1,2014-11-04,1,7,0,2,.636,11,5,1.000,5,,L (-17),14.1,1,31:08,HOU,1,2,19,0,MIA,3,2
32-292,7,1,2014-11-05,2,9,0,2,.500,18,7,.875,8,@,L (-7),20.0,1,33:12,CHO,2,3,25,1,MIA,3,4
32-295,8,0,2014-11-08,1,11,0,0,.688,16,3,.600,5,,W (+10),23.3,1,29:34,MIN,0,0,25,2,MIA,2,1
32-296,10,0,2014-11-09,1,9,1,1,.500,18,1,.500,2,@,W (+9),15.8,1,35:36,DAL,1,2,20,1,MIA,3,2
32-299,3,1,2014-11-12,3,8,1,1,.500,16,3,.429,7,,L (-6),14.8,1,34:35,IND,1,0,20,1,MIA,1,4
32-317,5,0,2014-11-30,1,11,0,1,.611,18,5,.556,9,@,W (+7),16.4,1,32:17,NYK,4,1,27,0,MIA,7,5
32-318,0,0,2014-12-01,3,9,0,0,.692,13,2,.400,5,@,L (-21),12.4,1,27:34,WAS,0,2,20,1,MIA,2,3
32-320,7,1,2014-12-03,1,11,0,2,.550,20,6,.667,9,,L (-10),21.3,1,34:28,ATL,2,3,28,2,MIA,4,3
32-322,8,0,2014-12-05,2,10,0,0,.556,18,8,.800,10,@,L (-24),21.5,1,33:33,MIL,1,0,28,0,MIA,4,3
32-324,6,0,2014-12-07,1,11,0,0,.550,20,3,.600,5,@,L (-16),15.0,1,34:59,MEM,1,2,25,1,MIA,5,2
32-326,5,1,2014-12-09,3,7,0,0,.467,15,2,.500,4,@,W (+6),10.9,1,34:20,PHO,3,2,16,2,MIA,5,6
32-327,5,0,2014-12-10,2,4,0,0,.267,15,2,1.000,2,@,L (-20),2.5,1,28:09,DEN,1,1,10,0,MIA,3,3
32-329,7,1,2014-12-12,3,10,1,1,.625,16,8,.667,12,@,W (+5),24.3,1,34:35,UTA,0,1,29,1,MIA,3,3
32-331,0,1,2014-12-14,5,7,1,2,.389,18,2,1.000,2,,L (-18),2.9,1,27:37,CHI,1,3,17,0,MIA,6,6
32-333,4,0,2014-12-16,4,12,1,4,.500,24,3,.750,4,@,W (+4),18.5,1,36:06,BRK,1,2,28,1,MIA,2,5
32-334,3,0,2014-12-17,3,12,2,3,.632,19,16,.762,21,,L (-18),27.2,1,33:59,UTA,1,5,42,0,MIA,6,4
32-336,8,0,2014-12-19,3,12,2,4,.462,26,2,.400,5,,L (-2),14.6,1,36:37,WAS,1,5,28,1,MIA,5,4
32-340,6,0,2014-12-23,3,9,0,3,.429,21,5,.714,7,,L (-4),13.8,1,33:57,PHI,2,2,23,0,MIA,3,5
32-342,5,1,2014-12-25,4,12,2,5,.429,28,5,1.000,5,,W (+10),23.3,1,36:40,CLE,1,0,31,2,MIA,1,5
32-344,7,2,2014-12-27,3,11,1,3,.647,17,2,1.000,2,,L (-8),26.5,1,35:31,MEM,0,3,25,4,MIA,1,3
32-346,6,0,2014-12-29,2,7,0,1,.500,14,11,1.000,11,,L (-1),21.5,1,30:49,ORL,1,0,25,1,MIA,3,3
32-348,7,3,2014-12-31,1,9,0,2,.450,20,2,1.000,2,@,L (-11),17.0,1,38:01,IND,1,4,20,2,MIA,1,2
32-351,3,0,2015-01-03,4,5,0,0,.455,11,5,1.000,5,@,L (-36),10.6,1,25:28,HOU,0,0,15,0,MIA,2,4
32-352,7,0,2015-01-04,4,9,0,1,.450,20,7,.778,9,,W (+4),17.5,1,33:41,BRK,2,2,25,2,MIA,5,6
32-356,2,0,2015-01-08,6,7,0,0,.389,18,9,.750,12,@,L (-16),11.7,1,33:19,POR,1,3,23,0,MIA,3,7
32-359,10,0,2015-01-11,2,5,0,2,.333,15,7,.778,9,@,W (+14),15.3,1,35:41,LAC,2,1,17,1,MIA,2,4
32-361,5,0,2015-01-13,5,2,0,0,.400,5,0,,0,@,W (+3),5.3,1,14:45,LAL,0,0,4,0,MIA,1,5
33-003,6,0,2015-01-20,2,8,0,2,.444,18,2,.500,4,,L (-8),9.2,1,34:02,OKC,0,1,18,1,MIA,4,2
33-004,4,0,2015-01-21,6,8,0,0,.381,21,1,1.000,1,@,L (-2),10.2,1,33:19,CHO,1,4,17,2,MIA,1,7
33-006,4,0,2015-01-23,0,5,0,2,.313,16,3,.600,5,,W (+2),1.0,1,32:20,IND,0,2,13,2,MIA,6,0
33-008,3,0,2015-01-25,2,10,0,0,.556,18,6,1.000,6,@,W (+12),14.6,1,38:42,CHI,1,3,26,0,MIA,5,3
33-010,4,0,2015-01-27,1,5,0,0,.556,9,2,.667,3,,L (-7),8.4,1,19:13,MIL,0,0,12,2,MIA,4,1
33-034,1,0,2015-02-20,4,4,0,0,.400,10,4,1.000,4,@,W (+24),5.7,1,21:55,NYK,0,2,12,0,MIA,2,4
33-035,4,0,2015-02-21,3,8,1,3,.348,23,2,.667,3,,L (-14),5.9,1,30:25,NOP,1,3,19,0,MIA,3,4
33-037,4,0,2015-02-23,3,7,0,2,.538,13,4,.800,5,,W (+11),9.2,1,23:09,PHI,0,2,18,1,MIA,6,3
33-039,6,0,2015-02-25,2,6,1,4,.316,19,5,.833,6,@,W (+3),9.7,1,37:14,ORL,0,2,18,3,MIA,4,2
33-041,8,0,2015-02-27,3,4,0,4,.250,16,3,.750,4,@,L (-2),3.0,1,29:28,NOP,1,3,11,0,MIA,4,4
33-042,4,0,2015-02-28,3,9,0,1,.529,17,4,1.000,4,,L (-2),16.7,1,31:01,ATL,1,1,22,3,MIA,4,4
33-044,9,0,2015-03-02,4,7,0,1,.368,19,2,.500,4,,W (+17),11.0,1,33:01,PHO,0,3,16,4,MIA,4,4
33-046,6,1,2015-03-04,3,7,0,0,.412,17,11,.917,12,,W (+6),23.7,1,31:01,LAL,2,0,25,2,MIA,1,5
33-049,4,0,2015-03-07,4,10,1,3,.556,18,7,1.000,7,,W (+5),21.4,1,35:18,SAC,0,0,28,2,MIA,4,4
33-051,2,0,2015-03-09,4,13,2,4,.565,23,6,.857,7,,L (-10),20.5,1,35:04,BOS,0,2,34,0,MIA,4,4
33-053,9,0,2015-03-11,1,10,0,1,.400,25,8,.727,11,,W (+6),20.9,1,33:35,BRK,2,1,28,2,MIA,2,3
33-055,4,1,2015-03-13,3,9,1,2,.692,13,6,.750,8,@,L (-10),18.7,1,32:46,TOR,0,1,25,1,MIA,5,3
33-058,2,0,2015-03-16,2,13,0,0,.722,18,6,.750,8,,W (+14),27.0,1,30:59,CLE,0,2,32,5,MIA,3,2
33-060,6,0,2015-03-18,3,13,0,1,.500,26,6,1.000,6,,W (+4),23.0,1,32:06,POR,1,2,32,1,MIA,2,4
33-062,4,0,2015-03-20,1,9,0,0,.500,18,4,1.000,4,,W (+17),11.9,1,30:54,DEN,0,3,22,1,MIA,4,1
33-064,4,0,2015-03-22,2,6,0,1,.400,15,0,.000,2,@,L (-18),5.5,1,31:20,OKC,0,0,12,2,MIA,3,2
33-066,4,0,2015-03-24,2,7,1,3,.500,14,6,.857,7,@,L (-1),14.6,1,30:50,MIL,0,1,21,3,MIA,5,2
33-069,1,0,2015-03-27,0,5,3,5,.385,13,0,,0,@,L (-13),4.8,1,21:39,ATL,0,2,13,0,MIA,1,0
33-071,4,0,2015-03-29,3,14,0,1,.519,27,12,.923,13,,W (+7),32.1,1,35:40,DET,3,0,40,1,MIA,1,6
33-073,1,0,2015-03-31,4,6,1,3,.300,20,2,1.000,2,,L (-14),2.2,1,33:34,SAS,1,2,15,0,MIA,3,5
33-075,0,0,2015-04-02,2,2,1,2,.333,6,2,.500,4,@,L (-26),0.4,1,12:46,CLE,0,0,7,0,MIA,3,2
33-077,3,0,2015-04-04,1,11,0,2,.611,18,2,.667,3,@,L (-1),16.3,1,34:54,DET,1,3,24,1,MIA,2,2
33-078,3,1,2015-04-05,1,11,0,2,.524,21,5,.714,7,@,L (-23),17.0,1,33:30,IND,0,0,27,2,MIA,4,1
33-080,5,0,2015-04-07,1,6,0,1,.353,17,7,.700,10,,W (+5),7.1,1,34:54,CHO,2,1,19,1,MIA,7,3
33-082,3,0,2015-04-09,3,4,1,3,.200,20,0,,0,,L (-11),-5.4,1,37:39,CHI,0,0,9,0,MIA,5,3
33-084,5,1,2015-04-11,2,9,1,2,.450,20,11,.786,14,,L (-3),23.4,1,33:02,TOR,4,4,30,0,MIA,1,6
33-086,5,2,2015-04-13,3,8,0,2,.381,21,6,.857,7,,W (+7),11.2,1,33:59,ORL,1,1,22,0,MIA,5,4
31-285,3,1,2013-10-29,4,5,1,1,.385,13,2,.400,5,,W (+12),5.1,1,36:07,CHI,0,4,13,1,MIA,3,4
31-288,4,0,2013-11-01,3,5,1,2,.417,12,10,.909,11,@,L (-1),16.7,1,37:35,BRK,2,4,21,2,MIA,3,5
31-290,5,2,2013-11-03,4,8,0,2,.533,15,4,.500,8,,W (+10),14.5,1,34:52,WAS,1,1,20,2,MIA,5,5
31-292,5,0,2013-11-05,5,9,0,1,.474,19,2,1.000,2,@,W (+9),15.6,1,33:31,TOR,1,1,20,2,MIA,2,6
31-294,7,1,2013-11-07,3,13,0,1,.591,22,3,.750,4,,W (+5),21.2,1,33:54,LAC,1,1,29,3,MIA,7,4
31-296,7,0,2013-11-09,3,7,0,0,.500,14,4,.500,8,,L (-1),15.8,1,33:48,BOS,0,1,18,2,MIA,1,3
31-299,5,2,2013-11-12,7,4,0,0,.571,7,0,,0,,W (+23),6.5,1,30:32,MIL,0,3,8,2,MIA,6,7
31-302,8,0,2013-11-15,4,7,0,0,.500,14,3,.429,7,,W (+6),23.1,1,36:09,DAL,1,2,17,8,MIA,0,5
31-303,3,1,2013-11-16,2,1,0,0,.143,7,2,.500,4,@,W (+16),-3.1,1,22:58,CHA,0,3,4,0,MIA,4,2
31-310,4,0,2013-11-23,3,9,0,0,.563,16,9,.900,10,,W (+2),22.6,1,34:11,ORL,1,2,27,1,MIA,1,4
31-312,12,0,2013-11-25,4,9,0,0,.692,13,3,1.000,3,,W (+15),22.7,1,33:04,PHO,2,2,21,0,MIA,3,6
31-314,3,0,2013-11-27,3,10,0,0,.714,14,2,1.000,2,@,W (+11),15.5,1,35:56,CLE,1,1,22,2,MIA,6,4
31-316,6,0,2013-11-29,6,9,0,0,.563,16,4,.800,5,@,W (+7),18.1,1,34:28,TOR,1,4,22,4,MIA,5,7
31-318,4,2,2013-12-01,3,6,0,1,.600,10,5,.833,6,,W (+1),11.5,1,34:58,CHA,0,4,17,1,MIA,5,3
31-324,4,1,2013-12-07,5,7,0,0,.500,14,5,1.000,5,@,W (+21),11.4,1,32:05,MIN,0,4,19,1,MIA,5,5
31-327,6,0,2013-12-10,5,6,0,1,.429,14,5,.833,6,@,L (-6),17.2,1,34:54,IND,1,1,17,3,MIA,1,6
31-331,3,0,2013-12-14,3,9,0,0,.600,15,6,.667,9,,W (+7),19.8,1,33:46,CLE,3,3,24,1,MIA,1,6
31-333,2,1,2013-12-16,4,9,0,0,.643,14,9,.900,10,,W (+23),20.2,1,30:40,UTA,1,3,27,0,MIA,3,5
31-335,1,0,2013-12-18,2,15,0,1,.600,25,2,.667,3,,W (+3),22.7,1,37:10,IND,1,1,32,3,MIA,2,3
31-337,5,0,2013-12-20,4,9,2,3,.563,16,0,.000,1,,W (+19),18.0,1,30:55,SAC,1,1,20,3,MIA,2,5
31-342,7,0,2013-12-25,5,11,1,1,.647,17,0,.000,2,@,W (+6),21.4,1,38:46,LAL,1,1,23,3,MIA,3,6
31-345,7,1,2013-12-28,3,8,0,0,.400,20,0,.000,1,@,W (+1),9.2,1,33:48,POR,1,2,16,1,MIA,3,4
31-347,2,1,2013-12-30,2,6,0,1,.667,9,0,,0,@,W (+3),11.8,1,18:17,DEN,0,0,12,1,MIA,0,2
31-350,5,0,2014-01-02,3,9,2,2,.500,18,2,1.000,2,,L (-9),17.5,1,35:45,GSW,1,4,22,3,MIA,2,4
31-352,4,0,2014-01-04,5,8,0,0,.533,15,4,.800,5,@,W (+16),15.5,1,35:58,ORL,1,2,20,1,MIA,2,6
31-353,3,1,2014-01-05,7,5,0,0,.385,13,4,1.000,4,,W (+5),13.8,1,34:40,TOR,2,1,14,2,MIA,1,9
31-355,8,0,2014-01-07,5,9,0,1,.600,15,4,.800,5,,W (+19),19.5,1,34:20,NOP,3,1,22,0,MIA,4,8
31-357,2,1,2014-01-09,3,11,1,1,.733,15,0,.000,6,@,L (-10),15.0,1,39:06,NYK,1,3,23,1,MIA,3,4
31-363,5,0,2014-01-15,5,4,0,0,.364,11,0,,0,@,L (-17),4.6,1,32:52,WAS,1,0,8,0,MIA,3,6
32-000,2,3,2014-01-17,1,3,0,0,.500,6,2,1.000,2,@,W (+15),8.3,1,25:06,PHI,1,3,8,1,MIA,1,2
32-009,5,0,2014-01-26,3,3,0,0,.375,8,2,1.000,2,,W (+12),5.8,0,23:42,SAS,0,3,8,1,MIA,2,3
32-012,2,2,2014-01-29,0,7,0,1,.583,12,1,.500,2,,L (-17),7.3,1,31:31,OKC,1,3,15,0,MIA,4,1
32-015,4,0,2014-02-01,3,10,0,2,.667,15,2,.667,3,@,W (+15),14.9,1,33:45,NYK,1,4,22,2,MIA,5,4
32-017,5,0,2014-02-03,8,13,1,1,.684,19,3,.750,4,,W (+6),22.0,1,37:09,DET,2,2,30,0,MIA,6,10
32-019,8,0,2014-02-05,3,5,0,0,.625,8,4,1.000,4,@,W (+4),13.7,1,35:08,LAC,0,3,14,0,MIA,2,3
32-022,2,0,2014-02-08,6,7,0,0,.500,14,5,1.000,5,@,L (-5),10.6,1,36:25,UTA,0,4,19,0,MIA,3,6
32-032,7,1,2014-02-18,2,4,0,0,.571,7,5,.833,6,@,W (+11),14.8,1,33:42,DAL,1,1,13,0,MIA,1,3
32-034,10,0,2014-02-20,5,11,0,0,.647,17,2,1.000,2,@,W (+22),25.2,1,36:35,OKC,2,3,24,3,MIA,3,7
32-037,7,1,2014-02-23,3,10,0,0,.455,22,3,1.000,3,,W (+14),22.0,1,35:10,CHI,7,0,23,2,MIA,3,10
32-041,1,0,2014-02-27,2,10,0,0,.769,13,3,.750,4,,W (+26),15.4,1,27:08,NYK,0,1,23,1,MIA,4,2
32-043,4,1,2014-03-01,1,10,0,0,.714,14,4,.800,5,,W (+14),21.0,1,30:02,ORL,2,0,24,1,MIA,3,3
32-046,6,0,2014-03-04,1,8,0,1,.533,15,8,.667,12,@,L (-3),20.3,1,37:04,HOU,3,1,24,2,MIA,3,4
32-048,7,0,2014-03-06,3,7,0,1,.467,15,2,.667,3,@,L (-24),11.9,1,36:09,SAS,0,2,16,1,MIA,2,3
32-051,4,0,2014-03-09,4,7,0,2,.438,16,11,.917,12,@,L (-7),17.7,1,39:31,CHI,1,3,25,2,MIA,4,5
32-052,6,1,2014-03-10,3,8,0,0,.471,17,6,1.000,6,,W (+9),18.1,1,33:27,WAS,2,1,22,1,MIA,3,5
32-054,2,1,2014-03-12,2,8,0,0,.727,11,6,.857,7,,L (-1),16.2,1,37:10,BRK,0,4,22,0,MIA,2,2
32-056,6,0,2014-03-14,4,8,0,0,.444,18,3,.600,5,,L (-4),12.5,1,35:02,DEN,1,1,19,0,MIA,2,5
32-058,6,1,2014-03-16,2,10,0,0,.667,15,4,.571,7,,W (+9),23.1,1,34:22,HOU,1,1,24,2,MIA,1,3
32-061,5,1,2014-03-19,1,7,0,1,.412,17,3,1.000,3,@,L (-5),11.4,1,32:02,BOS,2,1,17,1,MIA,3,3
32-063,4,0,2014-03-21,2,5,0,0,.455,11,4,1.000,4,,W (+5),12.1,1,33:02,MEM,2,0,14,2,MIA,3,4
32-068,1,1,2014-03-26,4,6,0,0,.545,11,3,.500,6,@,L (-1),5.3,1,31:34,IND,0,2,15,1,MIA,6,4
32-085,1,1,2014-04-12,2,10,0,1,.714,14,4,.444,9,@,L (-13),17.1,1,23:18,ATL,1,2,24,1,MIA,2,3
32-087,3,0,2014-04-14,0,4,0,1,.444,9,1,.500,2,@,L (-21),4.0,1,18:27,WAS,0,0,9,2,MIA,4,0
32-089,4,0,2014-04-16,1,6,0,2,.429,14,4,.667,6,,L (-13),8.2,1,23:04,PHI,1,1,16,0,MIA,3,2
30-287,4,1,2012-10-30,1,10,0,0,.455,22,9,.818,11,,W (+13),18.8,1,35:07,BOS,2,3,29,2,MIA,4,3
30-290,4,0,2012-11-02,5,7,0,0,.700,10,1,1.000,1,@,L (-20),10.3,1,34:47,NYK,0,2,15,0,MIA,4,5
30-291,4,4,2012-11-03,2,5,0,1,.417,12,4,.667,6,,W (+3),14.3,1,33:48,DEN,1,1,14,2,MIA,1,3
30-293,6,0,2012-11-05,3,9,1,1,.643,14,3,1.000,3,,W (+25),19.7,1,28:21,PHO,0,3,22,2,MIA,2,3
30-295,5,2,2012-11-07,1,10,0,1,.714,14,2,1.000,2,,W (+30),21.3,1,32:04,BRK,1,2,22,1,MIA,1,2
30-299,3,0,2012-11-11,4,3,0,1,.200,15,2,1.000,2,@,L (-18),4.8,1,33:21,MEM,4,0,8,1,MIA,1,8
30-300,7,0,2012-11-12,5,8,0,1,.444,18,3,.429,7,@,W (+3),13.3,1,39:49,HOU,1,2,19,1,MIA,2,6
30-302,6,0,2012-11-14,2,2,0,1,.200,10,2,1.000,2,@,L (-7),0.9,1,29:07,LAC,1,1,6,1,MIA,5,3
30-309,4,0,2012-11-21,2,11,0,0,.524,21,6,.750,8,,W (+7),21.0,1,37:46,MIL,1,0,28,2,MIA,2,3
30-312,4,2,2012-11-24,6,6,0,0,.400,15,6,.600,10,,W (+2),10.0,1,34:15,CLE,1,5,18,1,MIA,4,7
30-317,5,0,2012-11-29,5,7,0,0,.412,17,5,1.000,5,,W (+5),14.5,1,32:21,SAS,0,1,19,1,MIA,1,5
30-319,7,0,2012-12-01,0,14,1,3,.700,20,5,.833,6,,W (+13),31.4,1,34:13,BRK,1,1,34,1,MIA,0,1
30-322,3,0,2012-12-04,1,9,0,1,.474,19,6,.857,7,@,L (-4),16.8,1,34:14,WAS,1,3,24,2,MIA,1,2
30-324,1,0,2012-12-06,3,3,1,2,.231,13,6,1.000,6,,L (-20),2.3,1,31:43,NYK,0,1,13,0,MIA,4,3
30-326,3,0,2012-12-08,2,9,0,0,.750,12,8,.889,9,,W (+16),22.1,1,32:23,NOH,0,1,26,1,MIA,2,2
30-328,3,0,2012-12-10,4,11,1,1,.846,13,3,.500,6,,W (+9),17.8,1,34:24,ATL,0,4,26,0,MIA,4,4
30-330,5,0,2012-12-12,4,5,0,0,.455,11,4,.800,5,,L (-2),9.8,1,29:11,GSW,0,2,14,3,MIA,5,4
30-333,6,0,2012-12-15,3,5,0,0,.625,8,3,.750,4,,W (+30),14.3,1,26:29,WAS,0,2,13,2,MIA,1,3
30-336,4,2,2012-12-18,1,8,0,0,.571,14,8,.727,11,,W (+11),22.3,1,27:11,MIN,2,2,24,2,MIA,1,3
30-338,6,1,2012-12-20,3,7,1,3,.538,13,4,1.000,4,@,W (+15),16.5,1,26:14,DAL,2,1,19,0,MIA,3,5
30-340,7,0,2012-12-22,6,8,0,2,.571,14,5,.833,6,,W (+16),18.6,1,34:17,UTA,1,2,21,2,MIA,4,7
30-343,3,0,2012-12-25,3,8,1,3,.471,17,4,1.000,4,,W (+6),10.5,1,38:22,OKC,2,3,21,0,MIA,5,5
30-344,5,1,2012-12-26,7,10,1,1,.526,19,8,.800,10,@,W (+13),23.4,1,36:38,CHA,2,3,29,1,MIA,3,9
30-347,4,0,2012-12-29,5,10,0,0,.526,19,4,.571,7,@,L (-19),15.1,1,34:49,MIL,1,1,24,0,MIA,3,6
30-349,3,1,2012-12-31,4,9,0,2,.450,20,3,.300,10,@,W (+2),11.8,1,39:52,ORL,2,1,21,2,MIA,3,6
30-351,5,2,2013-01-02,8,9,1,3,.429,21,8,.889,9,,W (+10),25.2,1,44:36,DAL,2,0,27,2,MIA,1,10
30-353,4,0,2013-01-04,3,7,1,1,.636,11,7,.778,9,,L (-7),17.8,1,32:52,CHI,0,3,22,2,MIA,3,3
30-355,1,1,2013-01-06,6,7,0,1,.500,14,0,.000,1,,W (+28),8.7,1,29:13,WAS,1,2,14,1,MIA,2,7
30-357,3,1,2013-01-08,4,9,4,6,.563,16,8,.800,10,@,L (-10),23.1,1,35:45,IND,1,3,30,0,MIA,2,5
30-359,2,0,2013-01-10,3,6,0,0,.333,18,6,1.000,6,@,L (-2),9.9,1,35:21,POR,0,3,18,2,MIA,1,3
30-361,7,4,2013-01-12,4,3,0,1,.600,5,5,.833,6,@,W (+29),17.1,1,25:04,SAC,1,2,11,2,MIA,2,5
30-363,4,0,2013-01-14,4,5,1,2,.455,11,0,.000,3,@,L (-7),7.0,1,29:18,UTA,1,2,11,1,MIA,2,5
30-365,6,1,2013-01-16,6,6,0,1,.500,12,3,.600,5,@,W (+17),20.9,1,29:36,GSW,2,1,15,5,MIA,0,8
31-000,5,1,2013-01-17,4,11,0,1,.550,20,5,.714,7,@,W (+9),21.8,1,37:49,LAL,0,3,27,2,MIA,1,4
31-006,7,1,2013-01-23,3,13,0,1,.684,19,9,.600,15,,W (+7),27.8,1,40:00,TOR,2,4,35,0,MIA,3,5
31-008,7,1,2013-01-25,4,12,0,1,.600,20,5,1.000,5,,W (+22),24.9,1,34:30,DET,1,1,29,3,MIA,5,5
31-010,7,1,2013-01-27,2,6,0,4,.300,20,5,.833,6,@,L (-2),6.6,1,46:33,BOS,2,5,17,2,MIA,6,4
31-013,3,0,2013-01-30,2,9,1,1,.563,16,2,.500,4,@,W (+20),12.1,1,33:43,BRK,0,3,21,1,MIA,3,2
31-015,5,2,2013-02-01,4,7,0,0,.438,16,3,.500,6,@,L (-13),15.1,1,41:15,IND,2,2,17,2,MIA,1,6
31-017,5,1,2013-02-03,5,10,0,1,.556,18,3,.750,4,@,W (+15),18.5,1,31:56,TOR,0,3,23,3,MIA,3,5
31-018,4,2,2013-02-04,6,7,0,1,.368,19,6,.600,10,,W (+5),12.9,1,37:57,CHA,6,3,20,1,MIA,5,12
31-020,8,2,2013-02-06,4,9,0,1,.500,18,13,1.000,13,,W (+6),32.1,1,35:28,HOU,1,2,31,4,MIA,2,5
31-022,7,0,2013-02-08,4,8,0,2,.500,16,4,.667,6,,W (+22),19.9,1,31:23,LAC,2,2,20,4,MIA,2,6
31-024,5,1,2013-02-10,2,12,0,1,.667,18,6,1.000,6,,W (+10),24.4,1,38:54,LAL,0,4,30,3,MIA,4,2
31-026,7,2,2013-02-12,4,8,0,0,.444,18,8,.800,10,,W (+13),21.0,1,35:36,POR,5,2,24,1,MIA,4,9
31-028,8,1,2013-02-14,5,5,0,0,.385,13,3,1.000,3,@,W (+10),10.3,1,30:58,OKC,0,6,13,3,MIA,4,5
31-034,2,0,2013-02-20,2,8,0,0,.444,18,4,.500,8,@,W (+13),10.7,1,34:34,ATL,1,0,20,3,MIA,4,3
31-035,5,2,2013-02-21,6,8,0,0,.533,15,1,.500,2,@,W (+19),14.4,1,36:45,CHI,2,0,17,2,MIA,5,8
31-037,2,0,2013-02-23,5,14,0,1,.778,18,5,.714,7,@,W (+24),28.6,1,32:26,PHI,1,3,33,2,MIA,1,6
31-038,6,2,2013-02-24,5,11,0,0,.500,22,2,.667,3,,W (+4),18.5,1,38:25,CLE,0,3,24,1,MIA,1,5
31-040,7,2,2013-02-26,6,19,1,2,.679,28,0,.000,2,,W (+12),34.3,1,45:28,SAC,2,1,39,3,MIA,4,8
31-043,8,1,2013-03-01,2,9,0,1,.563,16,4,.667,6,,W (+7),21.1,1,35:42,MEM,2,2,22,2,MIA,2,4
31-045,8,0,2013-03-03,6,8,0,1,.500,16,4,.800,5,@,W (+6),17.4,1,36:56,NYK,2,0,20,1,MIA,4,8
31-046,10,0,2013-03-04,5,15,0,0,.652,23,2,.667,3,@,W (+16),27.0,1,37:42,MIN,2,1,32,1,MIA,5,7
31-048,3,1,2013-03-06,3,10,0,1,.625,16,4,1.000,4,,W (+1),23.8,1,38:39,ORL,3,2,24,4,MIA,2,6
31-050,4,1,2013-03-08,2,9,0,1,.563,16,4,1.000,4,,W (+9),17.1,1,35:33,PHI,0,1,22,3,MIA,4,2
31-052,3,0,2013-03-10,2,9,0,1,.563,16,5,.833,6,,W (+14),18.5,1,36:09,IND,0,3,23,6,MIA,4,2
31-054,6,0,2013-03-12,1,9,0,1,.500,18,5,.833,6,,W (+17),23.4,1,30:05,ATL,3,2,23,5,MIA,1,4
31-055,3,1,2013-03-13,5,7,0,0,.500,14,7,.875,8,@,W (+4),16.6,1,39:14,PHI,3,1,21,0,MIA,3,8
31-057,9,1,2013-03-15,4,8,0,0,.471,17,4,.800,5,@,W (+13),21.2,1,33:17,MIL,3,0,20,2,MIA,2,7
31-059,8,0,2013-03-17,3,10,0,0,.667,15,4,.667,6,@,W (+17),21.0,1,34:38,TOR,0,3,24,1,MIA,2,3
31-060,6,0,2013-03-18,6,7,0,0,.467,15,2,.400,5,@,W (+2),14.0,1,35:31,BOS,1,2,16,3,MIA,2,7
31-062,5,0,2013-03-20,6,4,0,1,.364,11,3,.750,4,@,W (+3),6.6,1,38:14,CLE,0,3,11,0,MIA,2,6
31-064,4,0,2013-03-22,2,7,1,2,.412,17,4,.667,6,,W (+14),9.8,1,37:52,DET,1,1,19,3,MIA,6,3
31-069,2,1,2013-03-27,5,7,0,0,.538,13,4,.571,7,@,L (-4),15.3,1,37:44,CHI,2,3,18,4,MIA,3,7
31-071,9,1,2013-03-29,0,7,0,1,.636,11,3,.750,4,@,W (+19),16.3,1,32:47,NOH,0,1,17,4,MIA,6,0
31-085,6,1,2013-04-12,7,4,0,0,.333,12,3,.500,6,,W (+8),6.2,1,34:28,BOS,0,2,11,2,MIA,5,7
31-087,4,2,2013-04-14,3,7,0,0,.583,12,8,.571,14,,W (+12),18.6,1,36:37,CHI,1,3,22,2,MIA,2,4
31-090,10,2,2013-04-17,3,9,0,0,.600,15,3,.375,8,,W (+12),20.8,1,23:13,ORL,2,0,21,0,MIA,2,5
29-342,6,1,2011-12-25,7,11,0,0,.524,21,4,.667,6,@,W (+11),17.0,1,34:39,DAL,1,4,26,1,MIA,5,8
29-344,8,4,2011-12-27,1,8,0,0,.533,15,8,.800,10,,W (+8),23.2,1,36:06,BOS,0,1,24,2,MIA,3,1
29-345,4,2,2011-12-28,1,5,0,0,.385,13,0,,0,@,W (+1),3.8,1,31:59,CHA,0,4,10,1,MIA,3,1
29-347,5,3,2011-12-30,3,8,0,0,.421,19,3,.500,6,@,W (+2),9.2,1,38:26,MIN,0,0,19,0,MIA,5,3
29-349,6,1,2012-01-01,2,9,0,0,.563,16,4,1.000,4,,W (+39),18.4,1,29:04,CHA,1,3,22,2,MIA,3,3
29-350,10,1,2012-01-02,3,4,0,1,.235,17,4,.667,6,,L (-8),9.1,1,38:36,ATL,0,1,12,3,MIA,3,3
29-358,2,1,2012-01-10,2,11,0,0,.478,23,12,.750,16,@,L (-5),27.0,1,36:43,GSW,4,3,34,4,MIA,2,6
29-359,2,2,2012-01-11,6,6,0,2,.353,17,5,.625,8,@,L (-6),11.0,1,41:57,LAC,1,4,17,3,MIA,2,7
29-361,6,0,2012-01-13,3,6,0,0,.429,14,0,,0,@,L (-13),9.9,1,28:33,DEN,4,4,12,2,MIA,3,7
30-010,4,2,2012-01-27,1,11,0,1,.579,19,6,1.000,6,,W (+10),27.9,1,32:44,NYK,1,1,28,5,MIA,1,2
30-012,7,1,2012-01-29,1,4,0,0,.250,16,7,.700,10,,W (+4),8.8,1,30:43,CHI,3,1,15,1,MIA,4,4
30-013,5,0,2012-01-30,2,8,0,0,.533,15,6,1.000,6,,W (+14),21.1,1,24:11,NOH,1,1,22,2,MIA,0,3
30-015,6,1,2012-02-01,6,8,0,1,.471,17,7,.875,8,@,L (-8),18.8,1,36:48,MIL,2,3,23,1,MIA,3,8
30-017,4,0,2012-02-03,4,10,0,0,.500,20,6,.750,8,@,W (+20),18.3,1,32:56,PHI,1,4,26,1,MIA,1,5
30-019,3,2,2012-02-05,2,8,0,1,.571,14,9,.750,12,,W (+6),19.9,1,33:36,TOR,0,1,25,0,MIA,1,2
30-021,6,1,2012-02-07,3,9,0,1,.529,17,8,1.000,8,,W (+16),22.4,1,35:08,CLE,1,2,26,3,MIA,4,4
30-022,2,3,2012-02-08,2,15,0,2,.625,24,3,1.000,3,@,L (-13),24.9,1,35:37,ORL,0,1,33,1,MIA,2,2
30-024,5,0,2012-02-10,3,11,0,0,.611,18,4,1.000,4,@,W (+17),18.0,1,31:16,WAS,0,3,26,1,MIA,4,3
30-026,3,1,2012-02-12,3,7,0,0,.500,14,7,1.000,7,@,W (+20),21.1,1,23:56,ATL,2,0,21,2,MIA,0,5
30-027,4,1,2012-02-13,2,8,0,0,.571,14,6,.750,8,@,W (+18),15.0,1,28:00,MIL,3,2,22,0,MIA,5,5
30-028,3,1,2012-02-14,5,6,0,0,.500,12,4,1.000,4,@,W (+15),14.0,1,24:06,IND,1,0,16,0,MIA,1,6
30-031,2,2,2012-02-17,5,7,1,1,.700,10,7,.778,9,@,W (+24),17.4,1,23:38,CLE,1,4,22,0,MIA,3,6
30-033,2,3,2012-02-19,3,13,0,2,.565,23,1,1.000,1,,W (+12),21.4,1,30:59,ORL,3,3,27,2,MIA,2,6
30-035,10,2,2012-02-21,2,11,0,0,.688,16,8,.800,10,,W (+12),32.6,1,29:31,SAC,2,3,30,3,MIA,2,4
30-037,5,0,2012-02-23,2,10,0,1,.455,22,2,.667,3,,W (+14),15.2,1,35:06,NYK,3,3,22,2,MIA,2,5
30-044,10,1,2012-03-01,1,12,0,1,.522,23,9,.818,11,@,W (+14),27.4,1,34:40,POR,1,3,33,3,MIA,4,2
30-045,2,0,2012-03-02,4,10,1,1,.500,20,10,.909,11,@,L (-1),21.4,1,36:00,UTA,2,3,31,1,MIA,3,6
30-047,5,1,2012-03-04,2,7,1,4,.412,17,1,.500,2,@,L (-10),7.3,1,31:07,LAL,2,6,16,2,MIA,5,4
30-049,3,0,2012-03-06,1,6,0,0,.750,8,1,1.000,1,,W (+30),11.5,1,14:58,NJN,1,1,13,0,MIA,1,2
30-050,6,1,2012-03-07,6,7,0,0,.412,17,4,.667,6,,W (+3),17.5,1,34:52,ATL,3,1,18,3,MIA,2,9
30-053,7,1,2012-03-10,2,10,0,1,.625,16,8,.889,9,,W (+2),23.2,1,39:35,IND,2,2,28,1,MIA,5,4
30-056,5,2,2012-03-13,6,12,2,3,.545,22,2,1.000,2,@,L (-6),23.9,1,38:25,ORL,0,3,28,2,MIA,1,6
30-057,1,2,2012-03-14,6,16,1,3,.615,26,3,.750,4,@,L (-4),26.0,1,38:55,CHI,1,1,36,1,MIA,3,7
30-059,6,2,2012-03-16,11,6,0,2,.375,16,0,.000,2,@,W (+6),8.5,1,37:51,PHI,0,2,12,2,MIA,4,11
30-061,4,1,2012-03-18,5,13,0,1,.520,25,5,.714,7,,W (+10),20.8,1,38:21,ORL,1,2,31,1,MIA,3,6
30-063,5,1,2012-03-20,2,6,0,2,.353,17,7,.778,9,,W (+4),14.4,1,36:23,PHO,5,4,19,0,MIA,1,7
30-066,5,0,2012-03-23,8,10,0,1,.526,19,4,1.000,4,@,W (+15),21.3,1,35:49,DET,1,0,24,3,MIA,3,9
30-068,4,2,2012-03-25,4,6,3,4,.600,10,7,1.000,7,@,L (-16),19.0,1,37:31,OKC,0,2,22,3,MIA,6,4
30-069,6,4,2012-03-26,4,7,4,8,.438,16,6,.750,8,@,L (-15),21.9,1,35:29,IND,1,2,24,0,MIA,1,5
30-072,5,0,2012-03-29,2,5,0,0,.455,11,6,.667,9,,W (+21),12.1,1,31:36,DAL,1,2,16,1,MIA,2,3
30-073,6,1,2012-03-30,2,12,1,2,.632,19,5,.714,7,@,W (+12),31.6,1,36:13,TOR,4,1,30,3,MIA,0,6
30-075,3,3,2012-04-01,5,6,0,3,.353,17,3,.600,5,@,L (-19),9.9,1,35:40,BOS,3,4,15,1,MIA,2,8
30-078,2,2,2012-04-04,2,7,0,2,.389,18,5,.833,6,,W (+5),10.5,1,37:42,OKC,1,1,19,3,MIA,5,3
30-080,2,0,2012-04-06,3,8,1,1,.444,18,3,.750,4,,L (-15),13.5,1,36:00,MEM,4,2,20,2,MIA,3,7
30-084,5,1,2012-04-10,0,9,0,2,.429,21,2,.500,4,,L (-8),13.5,1,39:20,BOS,2,3,20,3,MIA,2,2
30-086,4,2,2012-04-12,5,10,0,0,.476,21,1,.500,2,@,L (-10),14.4,1,41:01,CHI,0,3,21,2,MIA,2,5
30-089,4,1,2012-04-15,7,10,0,2,.556,18,8,1.000,8,@,W (+8),19.2,1,38:10,NYK,2,3,28,0,MIA,6,9
30-093,5,0,2012-04-19,2,7,0,0,.438,16,4,.667,6,,W (+11),14.4,1,32:35,CHI,1,3,18,3,MIA,1,3
30-095,0,0,2012-04-21,0,0,0,0,,0,0,,0,,L (-2),0.0,1,2:40,WAS,0,0,0,0,MIA,0,0
28-282,6,0,2010-10-26,4,4,1,3,.250,16,4,.667,6,@,L (-8),3.4,1,36:41,BOS,0,4,13,3,MIA,6,4
28-283,4,2,2010-10-27,5,10,1,2,.500,20,9,.750,12,@,W (+10),26.7,1,35:20,PHI,2,3,30,3,MIA,1,7
28-285,3,2,2010-10-29,4,9,2,6,.450,20,6,.750,8,,W (+26),16.1,1,34:07,ORL,2,2,26,0,MIA,4,6
28-287,7,1,2010-10-31,5,4,1,2,.444,9,8,.667,12,@,W (+23),19.5,1,27:16,NJN,1,0,17,2,MIA,1,6
28-289,1,0,2010-11-02,1,12,0,0,.706,17,2,1.000,2,,W (+32),15.6,1,24:27,MIN,1,5,26,0,MIA,3,2
28-292,2,2,2010-11-05,8,7,1,5,.438,16,13,1.000,13,@,L (-3),20.8,1,39:52,NOH,2,1,28,2,MIA,7,10
28-293,3,1,2010-11-06,7,10,2,3,.588,17,7,.700,10,,W (+12),25.1,1,35:39,NJN,3,2,29,2,MIA,3,10
28-296,1,0,2010-11-09,5,12,3,5,.522,23,12,.750,16,,L (-2),26.8,1,41:53,UTA,1,3,39,1,MIA,2,6
28-298,3,1,2010-11-11,1,2,0,5,.167,12,4,.667,6,,L (-5),-4.9,1,40:09,BOS,0,4,8,0,MIA,6,1
28-300,2,1,2010-11-13,6,11,0,1,.688,16,9,.643,14,,W (+9),25.7,1,35:14,TOR,2,2,31,0,MIA,1,8
28-304,6,2,2010-11-17,5,6,0,1,.545,11,5,.833,6,,W (+27),16.3,1,30:49,PHO,1,2,17,0,MIA,2,6
28-306,4,0,2010-11-19,3,4,0,4,.308,13,3,.500,6,,W (+8),4.8,1,36:09,CHA,0,3,11,2,MIA,2,3
28-309,5,2,2010-11-22,4,1,0,4,.077,13,1,.200,5,,L (-16),-5.4,1,37:32,IND,0,3,3,2,MIA,5,4
28-311,5,1,2010-11-24,5,6,1,4,.286,21,5,.714,7,@,L (-9),10.2,1,40:00,ORL,2,2,18,0,MIA,1,7
28-313,8,0,2010-11-26,3,7,0,1,.438,16,9,.750,12,,W (+9),20.2,1,36:27,PHI,3,2,23,2,MIA,3,6
28-314,5,2,2010-11-27,8,8,0,1,.500,16,6,.545,11,@,L (-11),11.8,1,41:06,DAL,1,3,22,0,MIA,7,9
28-316,6,1,2010-11-29,8,8,0,1,.471,17,10,1.000,10,,W (+11),26.2,1,34:44,WAS,0,1,26,4,MIA,2,8
28-318,1,0,2010-12-01,2,7,0,0,.778,9,2,.400,5,,W (+25),10.0,1,18:29,DET,0,4,16,2,MIA,3,2
28-319,9,0,2010-12-02,6,10,0,1,.625,16,2,.667,3,@,W (+28),23.0,1,32:34,CLE,3,4,22,3,MIA,3,9
28-321,3,3,2010-12-04,8,11,0,1,.611,18,4,.667,6,,W (+12),23.2,1,39:46,ATL,2,2,26,3,MIA,4,10
28-323,5,1,2010-12-06,9,9,0,0,.450,20,7,.700,10,@,W (+10),16.6,1,39:03,MIL,5,3,25,0,MIA,6,14
28-325,4,0,2010-12-08,2,9,2,3,.643,14,8,.727,11,@,W (+13),23.4,1,40:54,UTA,2,0,28,2,MIA,4,4
28-327,7,0,2010-12-10,6,12,0,1,.600,20,10,.769,13,@,W (+22),28.2,1,34:30,GSW,3,3,34,1,MIA,4,9
28-328,6,1,2010-12-11,3,15,1,2,.652,23,5,.556,9,@,W (+21),29.4,1,35:37,SAC,3,2,36,1,MIA,3,6
28-330,1,0,2010-12-13,4,8,2,3,.615,13,14,.824,17,,W (+12),26.7,1,38:35,NOH,1,2,32,1,MIA,1,5
28-332,3,0,2010-12-15,4,10,3,6,.556,18,5,.714,7,,W (+6),21.7,1,39:41,CLE,2,4,28,1,MIA,1,6
28-334,5,3,2010-12-17,5,9,2,3,.409,22,6,.750,8,@,W (+22),22.6,1,37:55,NYK,3,0,26,2,MIA,2,8
28-335,2,2,2010-12-18,5,7,2,5,.368,19,4,.667,6,@,W (+1),9.7,1,39:54,WAS,1,5,20,1,MIA,3,6
28-337,7,2,2010-12-20,3,8,3,7,.471,17,3,.500,6,,L (-2),21.6,1,39:05,DAL,1,1,22,3,MIA,1,4
28-342,6,1,2010-12-25,5,6,0,1,.353,17,6,1.000,6,@,W (+16),11.7,1,36:08,LAL,0,3,18,1,MIA,3,5
28-345,2,1,2010-12-28,7,13,1,7,.464,28,13,.813,16,,W (+8),31.2,1,38:15,NYK,2,2,40,2,MIA,0,9
28-346,1,0,2010-12-29,7,17,1,3,.708,24,10,1.000,10,@,W (+6),32.6,1,38:05,HOU,0,3,45,2,MIA,6,7
28-349,8,1,2011-01-01,6,7,0,2,.389,18,11,.688,16,,W (+7),23.3,1,39:26,GSW,0,0,25,2,MIA,0,6
28-351,4,1,2011-01-03,7,12,1,4,.600,20,6,1.000,6,@,W (+14),24.6,1,30:34,CHA,4,4,31,0,MIA,4,11
28-352,2,0,2011-01-04,3,10,1,2,.526,19,13,.867,15,,W (+12),24.7,1,35:16,MIL,1,3,34,1,MIA,2,4
28-355,5,0,2011-01-07,3,4,0,1,.211,19,6,.857,7,@,W (+6),9.5,1,43:57,MIL,4,4,14,3,MIA,1,7
28-357,5,1,2011-01-09,6,15,1,3,.682,22,3,.750,4,@,W (+7),28.4,1,41:58,POR,2,3,34,0,MIA,2,8
28-360,5,3,2011-01-12,6,12,1,4,.545,22,6,.857,7,@,L (-6),27.3,1,40:57,LAC,1,2,31,1,MIA,1,7
28-361,4,1,2011-01-13,2,7,0,3,.368,19,2,.286,7,@,L (-28),5.6,1,31:09,DEN,2,1,16,0,MIA,3,4
28-363,4,5,2011-01-15,3,10,4,7,.500,20,9,.692,13,@,L (-3),26.1,1,35:19,CHI,3,4,33,0,MIA,3,6
29-001,3,1,2011-01-18,6,8,0,4,.400,20,11,.917,12,,L (-4),13.8,1,45:38,ATL,0,4,27,1,MIA,6,6
29-010,5,0,2011-01-27,13,14,0,2,.636,22,6,.429,14,@,L (-5),24.3,1,40:33,NYK,3,3,34,1,MIA,6,16
29-013,2,0,2011-01-30,5,13,0,0,.591,22,6,.750,8,@,W (+5),18.1,1,41:08,OKC,4,4,32,2,MIA,9,9
29-014,5,0,2011-01-31,5,13,1,1,.619,21,7,.875,8,,W (+27),27.9,1,33:37,CLE,2,4,34,3,MIA,4,7
29-017,1,2,2011-02-03,4,5,0,1,.417,12,4,.500,8,@,W (+4),8.5,1,34:31,ORL,0,2,14,1,MIA,1,4
29-018,10,0,2011-02-04,8,8,1,4,.400,20,5,.714,7,@,W (+12),17.0,1,40:18,CHA,4,4,22,0,MIA,4,12
29-020,8,3,2011-02-06,6,8,3,4,.571,14,9,.900,10,,W (+18),28.1,1,37:14,LAC,2,2,28,1,MIA,4,8
29-022,7,0,2011-02-08,3,7,0,1,.412,17,3,.600,5,,W (+5),10.5,1,40:30,IND,0,1,17,1,MIA,3,3
29-025,7,0,2011-02-11,7,9,0,0,.600,15,6,1.000,6,@,W (+14),23.2,1,36:23,DET,1,4,24,1,MIA,1,8
29-027,4,0,2011-02-13,2,6,1,2,.353,17,3,.600,5,@,L (-3),4.0,1,42:22,BOS,3,3,16,0,MIA,6,5
29-029,3,0,2011-02-15,12,16,1,4,.552,29,8,.800,10,@,W (+7),31.2,1,41:45,IND,0,2,41,2,MIA,2,12
29-030,1,2,2011-02-16,5,10,0,0,.556,18,8,.800,10,@,W (+8),19.6,1,39:40,TOR,2,0,28,1,MIA,5,7
29-036,7,1,2011-02-22,7,11,1,3,.550,20,0,,0,,W (+20),22.0,1,35:29,SAC,1,2,23,2,MIA,1,8
29-038,2,0,2011-02-24,6,12,0,1,.480,25,10,.833,12,@,L (-4),23.3,1,42:26,CHI,2,2,34,2,MIA,3,8
29-039,2,0,2011-02-25,5,18,2,3,.667,27,3,.333,9,,W (+8),29.4,1,39:30,WAS,0,1,41,2,MIA,2,5
29-041,9,0,2011-02-27,6,5,0,3,.333,15,2,.667,3,,L (-5),8.3,1,40:17,NYK,1,4,12,3,MIA,5,7
29-045,5,1,2011-03-03,2,10,0,1,.556,18,8,.667,12,,L (-3),24.8,1,41:01,ORL,2,3,28,4,MIA,2,4
29-046,1,0,2011-03-04,3,8,1,3,.444,18,2,1.000,2,@,L (-30),5.0,1,26:59,SAS,0,3,19,0,MIA,5,3
29-048,5,1,2011-03-06,2,8,0,1,.421,19,4,.667,6,,L (-1),7.5,1,38:01,CHI,2,2,20,0,MIA,7,4
29-050,5,2,2011-03-08,5,12,2,8,.571,21,12,.923,13,,L (-9),31.2,1,42:38,POR,1,4,38,1,MIA,3,6
29-052,5,1,2011-03-10,2,9,1,4,.391,23,1,1.000,1,,W (+6),14.0,1,39:28,LAL,3,1,20,4,MIA,4,5
29-054,9,5,2011-03-12,5,9,1,2,.600,15,9,1.000,9,,W (+33),31.2,1,34:17,MEM,0,3,28,3,MIA,3,5
29-056,4,2,2011-03-14,6,11,0,1,.478,23,7,1.000,7,,W (+30),23.2,1,39:21,SAS,3,3,29,2,MIA,3,9
29-058,2,1,2011-03-16,4,7,1,5,.333,21,6,.667,9,,L (-11),10.0,1,40:29,OKC,2,4,21,1,MIA,2,6
29-060,5,0,2011-03-18,2,5,3,4,.556,9,1,.500,2,@,W (+21),11.2,1,26:40,ATL,0,3,14,1,MIA,2,2
29-061,2,3,2011-03-19,1,10,1,3,.500,20,11,.846,13,,W (+5),23.5,1,39:17,DEN,1,3,32,1,MIA,2,2
29-065,4,0,2011-03-23,2,7,0,0,.538,13,10,.833,12,@,W (+6),23.5,1,39:33,DET,2,3,24,3,MIA,0,4
29-067,8,5,2011-03-25,7,15,1,3,.577,26,8,.727,11,,W (+12),39.4,1,41:01,PHI,4,3,39,3,MIA,2,11
29-069,5,2,2011-03-27,7,10,1,5,.400,25,9,.900,10,,W (+6),21.3,1,37:07,HOU,4,4,30,0,MIA,3,11
29-071,6,2,2011-03-29,1,8,2,4,.400,20,6,.750,8,@,L (-12),19.2,1,43:14,CLE,3,3,24,3,MIA,3,4
29-072,9,2,2011-03-30,2,11,1,3,.647,17,10,.833,12,@,W (+16),30.5,1,38:58,WAS,1,3,33,0,MIA,2,3
29-074,2,2,2011-04-01,3,14,0,3,.667,21,4,.800,5,@,W (+19),24.8,1,34:23,MIN,2,2,32,2,MIA,4,5
29-076,5,0,2011-04-03,3,7,1,2,.538,13,3,.750,4,@,W (+14),13.3,1,27:06,NJN,0,1,18,0,MIA,2,3
29-081,4,1,2011-04-08,3,6,0,1,.545,11,15,.938,16,,W (+9),23.9,1,33:12,CHA,0,2,27,3,MIA,4,3
29-083,8,1,2011-04-10,4,4,0,1,.333,12,6,1.000,6,,W (+23),12.2,1,37:22,BOS,1,3,14,1,MIA,3,5
29-084,6,3,2011-04-11,4,9,0,2,.600,15,3,1.000,3,@,W (+8),19.9,1,37:13,ATL,1,1,21,1,MIA,3,5
27-284,5,0,2009-10-28,5,10,1,4,.455,22,5,.714,7,,W (+22),18.4,1,36:22,NYK,0,1,26,2,MIA,2,5
27-286,4,1,2009-10-30,2,9,0,3,.474,19,14,.737,19,@,W (+13),24.1,1,34:56,IND,1,5,32,3,MIA,2,3
27-288,3,0,2009-11-01,0,8,1,4,.421,19,8,.800,10,,W (+8),12.1,1,35:56,CHI,1,2,25,0,MIA,4,1
27-290,7,0,2009-11-03,7,7,0,3,.389,18,9,.818,11,,L (-8),17.2,1,37:39,PHO,2,4,23,2,MIA,4,9
27-291,5,2,2009-11-04,4,14,2,5,.538,26,10,.769,13,@,W (+4),28.1,1,42:35,WAS,0,3,40,1,MIA,4,4
27-293,5,1,2009-11-06,1,6,0,3,.353,17,10,.833,12,,W (+8),15.5,1,41:02,DEN,1,1,22,2,MIA,3,2
27-297,5,1,2009-11-10,3,14,1,3,.483,29,12,.923,13,,W (+14),32.6,1,38:21,WAS,2,2,41,3,MIA,2,5
27-299,5,2,2009-11-12,4,9,3,6,.429,21,15,.714,21,,L (-7),24.2,1,38:25,CLE,0,1,36,0,MIA,4,4
27-301,6,2,2009-11-14,7,8,1,5,.471,17,5,.714,7,,W (+1),22.7,1,42:05,NJN,1,3,22,6,MIA,3,8
27-304,7,2,2009-11-17,4,6,1,4,.316,19,9,.750,12,,L (-13),16.4,1,39:47,OKC,2,1,22,4,MIA,6,6
27-305,5,2,2009-11-18,6,6,2,5,.333,18,1,.500,2,@,L (-15),6.3,1,37:30,ATL,0,2,15,0,MIA,4,6
27-307,8,0,2009-11-20,5,10,1,5,.417,24,9,.900,10,@,L (-7),25.1,1,41:40,TOR,0,2,30,2,MIA,0,5
27-309,3,3,2009-11-22,6,12,3,4,.571,21,4,.571,7,,W (+1),21.3,1,36:32,NOH,0,4,31,1,MIA,4,6
27-312,6,2,2009-11-25,3,6,1,5,.273,22,11,1.000,11,@,W (+1),16.8,1,38:30,ORL,1,1,24,3,MIA,4,4
27-314,6,1,2009-11-27,4,6,1,6,.316,19,5,.714,7,,L (-10),8.8,1,38:30,WAS,0,4,18,2,MIA,4,4
27-316,6,1,2009-11-29,4,11,0,3,.478,23,5,.625,8,,L (-7),19.5,1,37:15,BOS,1,1,27,2,MIA,3,5
27-318,12,0,2009-12-01,2,9,0,1,.500,18,4,.571,7,@,W (+7),18.9,1,37:32,POR,3,5,22,1,MIA,3,5
27-320,4,0,2009-12-03,7,8,0,3,.400,20,9,.692,13,@,L (-18),15.4,1,34:50,DEN,3,3,25,1,MIA,4,10
27-321,9,2,2009-12-04,5,7,0,1,.333,21,12,.667,18,@,L (-1),19.4,1,41:32,LAL,3,4,26,0,MIA,2,8
27-323,10,4,2009-12-06,3,10,0,2,.625,16,14,.875,16,@,W (+13),36.7,1,38:38,SAC,2,1,34,1,MIA,2,5
27-328,5,1,2009-12-11,7,8,0,2,.333,24,12,.800,15,,L (-13),18.5,1,39:57,DAL,4,2,28,1,MIA,4,11
27-330,4,0,2009-12-13,1,11,1,2,.478,23,2,.667,3,,L (-28),14.7,1,32:55,MEM,3,1,25,0,MIA,3,4
27-332,7,0,2009-12-15,1,8,1,1,.421,19,2,1.000,2,,W (+20),12.6,1,29:28,TOR,1,3,19,0,MIA,1,2
27-334,7,3,2009-12-17,3,10,1,1,.588,17,4,.500,8,,W (+18),23.4,1,29:16,ORL,0,0,25,0,MIA,0,3
27-337,10,1,2009-12-20,0,13,0,3,.419,31,2,1.000,2,,L (-7),15.6,1,38:27,POR,0,4,28,1,MIA,3,0
27-340,5,3,2009-12-23,5,12,0,1,.429,28,5,.833,6,,W (+10),19.5,1,36:42,UTA,2,2,29,2,MIA,4,7
27-342,5,0,2009-12-25,8,11,1,2,.524,21,7,.875,8,@,W (+6),25.1,1,38:12,NYK,1,2,30,4,MIA,4,9
27-344,6,1,2009-12-27,2,10,0,1,.588,17,5,.833,6,,W (+34),24.1,1,27:47,IND,1,2,25,3,MIA,1,3
27-347,6,2,2009-12-30,1,7,1,1,.538,13,7,.700,10,@,L (-4),15.0,1,37:39,NOH,2,2,22,0,MIA,6,3
27-348,6,0,2009-12-31,2,6,1,5,.333,18,3,.500,6,@,L (-30),4.2,1,29:01,SAS,0,3,16,3,MIA,7,2
27-350,11,1,2010-01-02,2,9,4,8,.474,19,7,1.000,7,,L (-10),23.8,1,42:47,CHA,1,3,29,2,MIA,6,3
27-352,4,1,2010-01-04,6,11,0,3,.550,20,6,1.000,6,,W (+17),23.9,1,33:34,ATL,2,3,28,1,MIA,1,8
27-354,7,1,2010-01-06,0,15,3,7,.441,34,11,.688,16,,L (-6),32.3,1,43:04,BOS,5,5,44,3,MIA,2,5
27-356,8,0,2010-01-08,5,11,2,7,.440,25,9,.900,10,@,W (+4),27.6,1,38:45,PHO,4,2,33,3,MIA,4,9
27-358,3,0,2010-01-10,1,11,1,4,.478,23,1,.333,3,@,L (-10),14.6,1,35:50,LAC,1,0,24,3,MIA,3,2
27-359,6,3,2010-01-11,3,6,0,0,.500,12,1,1.000,1,@,L (-29),9.8,1,28:38,UTA,0,1,13,0,MIA,4,3
27-361,9,0,2010-01-13,5,10,0,0,.667,15,15,1.000,15,@,W (+13),32.9,1,35:01,GSW,2,2,35,3,MIA,7,7
27-363,8,1,2010-01-15,1,15,0,1,.625,24,7,1.000,7,@,W (+9),34.4,1,41:40,HOU,2,2,37,3,MIA,2,3
27-364,6,3,2010-01-16,3,10,0,0,.476,21,4,.444,9,@,L (-18),19.4,1,37:51,OKC,1,2,24,4,MIA,3,4
28-002,3,3,2010-01-19,0,12,4,6,.600,20,4,.500,8,,W (+30),26.4,1,31:07,IND,0,0,32,2,MIA,1,0
28-003,1,0,2010-01-20,2,6,0,2,.375,16,4,.500,8,@,L (-39),3.7,1,31:46,CHA,2,4,16,1,MIA,4,4
28-005,10,0,2010-01-22,3,12,4,7,.632,19,4,.800,5,@,W (+24),28.0,1,34:02,WAS,0,0,32,0,MIA,3,3
28-006,8,3,2010-01-23,3,11,0,3,.733,15,5,.714,7,,W (+31),30.0,1,29:49,SAC,1,1,27,1,MIA,0,4
28-008,5,1,2010-01-25,7,10,3,5,.476,21,9,.563,16,,L (-1),27.5,1,38:51,CLE,3,1,32,3,MIA,2,10
28-010,10,1,2010-01-27,0,13,1,6,.520,25,8,1.000,8,@,L (-8),28.3,1,43:15,TOR,1,2,35,1,MIA,3,1
28-012,3,0,2010-01-29,4,7,4,5,.636,11,4,.571,7,@,W (+27),16.4,1,24:00,DET,0,2,22,1,MIA,3,4
28-013,7,0,2010-01-30,1,6,0,6,.300,20,9,.750,12,@,L (-11),8.1,1,31:21,MIL,1,5,21,0,MIA,4,2
28-015,6,0,2010-02-01,1,7,1,5,.368,19,8,.889,9,,L (-16),14.6,1,35:54,MIL,0,5,23,4,MIA,4,1
28-017,13,2,2010-02-03,4,11,2,4,.688,16,6,.750,8,@,L (-5),27.8,1,40:35,BOS,1,5,30,1,MIA,6,5
28-018,9,0,2010-02-04,0,11,1,3,.423,26,1,.500,2,@,L (-16),14.6,1,38:55,CLE,3,4,24,4,MIA,6,3
28-020,8,0,2010-02-06,3,7,0,3,.333,21,6,.750,8,@,L (-4),13.7,1,38:42,CHI,3,3,20,2,MIA,3,6
28-023,7,1,2010-02-09,3,8,0,1,.571,14,1,1.000,1,,W (+33),20.6,1,29:06,HOU,1,0,17,5,MIA,2,4
28-024,11,1,2010-02-10,1,7,0,2,.467,15,4,.571,7,@,W (+18),19.5,1,35:22,ATL,3,1,18,2,MIA,2,4
28-030,6,1,2010-02-16,5,8,1,1,.500,16,7,.875,8,@,W (+27),19.7,1,28:28,PHI,1,0,24,1,MIA,4,6
28-031,1,0,2010-02-17,2,2,0,1,.500,4,4,.800,5,@,W (+3),7.6,1,7:26,NJN,1,0,8,0,MIA,0,3
28-042,5,0,2010-02-28,3,6,0,2,.353,17,9,.750,12,@,L (-16),10.9,1,37:23,ORL,2,3,21,1,MIA,5,5
28-044,12,0,2010-03-02,5,15,0,2,.652,23,5,.625,8,,W (+4),34.5,1,36:40,GSW,1,2,35,4,MIA,3,6
28-046,14,0,2010-03-04,2,9,1,3,.429,21,8,.889,9,,W (+3),21.8,1,42:21,LAL,3,3,27,1,MIA,6,5
28-048,10,0,2010-03-06,3,10,4,9,.400,25,14,.778,18,,W (+6),31.3,1,42:00,ATL,1,3,38,2,MIA,1,4
28-051,2,0,2010-03-09,3,11,1,5,.423,26,4,1.000,4,@,L (-5),14.1,1,37:04,CHA,4,3,27,1,MIA,4,7
28-052,8,0,2010-03-10,3,6,0,0,.500,12,15,.882,17,,W (+11),28.6,1,30:20,LAC,3,3,27,2,MIA,1,6
28-054,7,0,2010-03-12,2,7,0,2,.438,16,8,.667,12,,W (+13),11.7,1,33:04,CHI,0,2,22,1,MIA,6,2
28-056,2,1,2010-03-14,4,14,1,4,.560,25,9,.818,11,,W (+13),32.9,1,36:10,PHI,1,1,38,5,MIA,1,5
28-058,5,1,2010-03-16,2,11,1,4,.423,26,5,.625,8,,L (-12),14.9,1,42:38,SAS,1,4,28,3,MIA,5,3
28-060,7,1,2010-03-18,7,12,3,7,.462,26,9,.900,10,,L (-6),30.4,1,45:22,ORL,3,4,36,1,MIA,1,10
28-062,9,5,2010-03-20,5,6,0,3,.333,18,2,.500,4,,W (+6),10.3,1,40:08,CHA,0,5,14,1,MIA,3,5
28-064,12,1,2010-03-22,4,9,0,0,.692,13,9,.750,12,@,W (+10),31.9,1,37:57,NJN,3,2,27,2,MIA,2,7
28-067,10,2,2010-03-25,5,5,0,0,.714,7,2,.286,7,@,W (+29),17.0,1,29:09,CHI,0,0,12,1,MIA,1,5
28-068,7,1,2010-03-26,6,9,1,2,.643,14,11,.917,12,@,W (+13),29.1,1,36:48,MIL,1,1,30,3,MIA,5,7
28-070,6,3,2010-03-28,7,11,1,3,.611,18,9,.900,10,,W (+3),29.2,1,42:38,TOR,0,4,32,5,MIA,6,7
28-073,1,0,2010-03-31,1,4,0,1,.308,13,2,1.000,2,@,W (+17),4.5,1,27:37,DET,2,1,10,2,MIA,2,3
28-075,6,3,2010-04-02,7,14,2,3,.636,22,13,.765,17,@,W (+9),39.0,1,44:01,IND,2,1,43,3,MIA,5,9
28-076,6,0,2010-04-03,7,15,1,2,.556,27,8,.800,10,@,W (+13),26.1,1,40:06,MIN,1,3,39,0,MIA,5,8
28-080,3,2,2010-04-07,3,8,0,3,.444,18,6,.545,11,,W (+4),13.1,1,36:57,PHI,1,4,22,2,MIA,3,4
28-082,9,1,2010-04-09,3,5,1,1,.625,8,8,.889,9,,L (-7),16.7,1,37:10,DET,0,3,19,0,MIA,5,3
28-084,5,0,2010-04-11,4,12,0,1,.462,26,8,.889,9,@,W (+13),21.2,1,37:05,NYK,1,1,32,0,MIA,2,5
28-085,3,1,2010-04-12,3,12,1,2,.632,19,5,.714,7,@,W (+2),21.5,1,35:00,PHI,1,4,30,2,MIA,4,4
26-286,9,0,2008-10-29,6,9,0,3,.375,24,8,.889,9,@,L (-5),13.8,1,41:20,NYK,1,6,26,0,MIA,5,7
26-288,8,4,2008-10-31,3,7,0,0,.583,12,6,.545,11,,W (+26),21.0,1,26:50,SAC,1,1,20,4,MIA,5,4
26-289,6,1,2008-11-01,2,5,0,2,.333,15,9,.692,13,@,L (-13),15.5,1,29:54,CHA,3,5,19,3,MIA,2,5
26-293,6,3,2008-11-05,4,9,0,1,.600,15,11,.846,13,,W (+23),31.1,1,34:19,PHI,3,2,29,5,MIA,4,7
26-295,9,0,2008-11-07,8,14,0,1,.560,25,5,.833,6,@,W (+16),30.4,1,36:25,SAS,2,1,33,3,MIA,3,10
26-296,10,2,2008-11-08,5,9,0,2,.450,20,12,.800,15,@,L (-11),24.2,1,40:51,NOH,1,2,30,1,MIA,5,6
26-298,5,1,2008-11-10,2,9,4,7,.500,18,11,.917,12,,W (+5),25.6,1,41:50,NJN,0,2,33,4,MIA,6,2
26-300,8,3,2008-11-12,5,12,1,5,.545,22,11,.733,15,,L (-8),30.1,1,37:39,POR,1,4,36,2,MIA,4,6
26-302,4,0,2008-11-14,1,8,1,2,.800,10,7,.778,9,,W (+20),22.8,1,30:08,WAS,1,1,24,1,MIA,1,2
26-304,8,2,2008-11-16,3,13,0,3,.419,31,3,.750,4,@,L (-11),19.2,1,40:30,TOR,0,2,29,4,MIA,4,3
26-306,10,3,2008-11-18,4,6,0,2,.375,16,7,.700,10,@,W (+7),16.9,1,35:03,WAS,2,2,19,2,MIA,5,6
26-307,11,5,2008-11-19,3,16,2,6,.533,30,6,.667,9,,L (-6),33.5,1,42:53,TOR,0,2,40,1,MIA,3,3
26-310,8,2,2008-11-22,4,15,2,3,.625,24,6,.545,11,,W (+9),28.8,1,40:36,IND,0,4,38,1,MIA,4,4
26-312,4,0,2008-11-24,2,7,1,6,.304,23,8,.889,9,,L (-9),9.2,1,37:05,HOU,1,3,23,2,MIA,5,3
26-314,6,0,2008-11-26,5,5,0,1,.357,14,2,.500,4,@,L (-38),11.0,1,30:37,POR,1,2,12,5,MIA,3,6
26-316,6,1,2008-11-28,3,15,2,3,.625,24,11,.917,12,@,W (+15),35.4,1,38:56,PHO,0,3,43,1,MIA,2,3
26-317,11,1,2008-11-29,5,12,2,7,.571,21,0,.000,2,@,L (-1),23.7,1,39:30,LAC,1,3,26,3,MIA,4,6
26-319,13,3,2008-12-01,4,12,1,6,.429,28,12,.923,13,@,W (+1),26.3,1,43:17,GSW,1,4,37,0,MIA,7,5
26-321,5,2,2008-12-03,5,8,0,0,.471,17,7,.778,9,@,W (+4),21.9,1,31:35,UTA,0,5,23,4,MIA,0,5
26-324,7,2,2008-12-06,3,14,0,1,.583,24,10,.667,15,,W (+6),30.6,1,35:08,OKC,2,2,38,2,MIA,4,5
26-326,3,0,2008-12-08,6,12,2,4,.545,22,15,.789,19,,W (+4),27.9,1,38:37,CHA,2,3,41,0,MIA,5,8
26-330,3,2,2008-12-12,6,9,0,4,.375,24,3,.500,6,,L (-14),10.5,1,35:15,ATL,2,2,21,1,MIA,3,8
26-332,5,0,2008-12-14,2,5,0,2,.313,16,7,.875,8,@,L (-16),6.5,1,31:15,MEM,0,5,17,1,MIA,4,2
26-333,8,0,2008-12-15,5,5,0,2,.313,16,5,.833,6,,L (-15),9.6,1,41:24,MIL,1,4,15,2,MIA,4,6
26-337,3,2,2008-12-19,3,13,2,4,.520,25,7,.700,10,,W (+2),23.8,1,37:39,LAL,3,3,35,3,MIA,6,6
26-338,5,2,2008-12-20,3,13,1,3,.591,22,16,.889,18,@,W (+3),34.7,1,38:29,NJN,1,2,43,2,MIA,5,4
26-341,8,3,2008-12-23,7,13,0,5,.520,25,6,.600,10,,W (+8),28.4,1,37:41,GSW,1,3,32,3,MIA,2,8
26-344,2,1,2008-12-26,2,11,1,2,.478,23,5,.556,9,,W (+13),17.3,1,36:26,CHI,1,2,28,1,MIA,1,3
26-346,8,0,2008-12-28,4,12,0,2,.480,25,5,.714,7,@,L (-7),21.5,1,39:47,CLE,0,2,29,2,MIA,2,4
26-348,12,1,2008-12-30,3,7,0,3,.304,23,7,.875,8,,W (+9),16.3,1,42:18,CLE,2,1,21,3,MIA,5,5
26-351,6,1,2009-01-02,6,16,0,2,.552,29,1,.500,2,@,L (-10),24.1,1,38:15,ORL,1,0,33,2,MIA,4,7
26-352,6,4,2009-01-03,5,8,0,3,.348,23,13,.765,17,,W (+5),22.9,1,42:55,NJN,3,3,29,3,MIA,4,8
26-354,12,0,2009-01-05,2,10,1,5,.385,26,3,.600,5,,L (-7),18.4,1,45:46,SAS,2,0,24,4,MIA,5,4
26-356,4,2,2009-01-07,3,13,1,2,.565,23,4,1.000,4,@,L (-11),21.4,1,44:47,DEN,0,2,31,1,MIA,4,3
26-358,7,2,2009-01-09,5,11,1,1,.423,26,18,.750,24,@,W (+4),31.0,1,47:17,SAC,0,4,41,3,MIA,3,5
26-360,9,2,2009-01-11,5,10,1,3,.455,22,6,.857,7,@,L (-3),22.2,1,40:58,LAL,0,3,27,2,MIA,3,5
26-362,8,3,2009-01-13,2,9,0,1,.600,15,13,.813,16,@,W (+3),30.1,1,40:42,MIN,1,2,31,3,MIA,4,3
26-363,13,0,2009-01-14,1,5,0,0,.250,20,7,.700,10,@,W (+3),12.6,1,38:00,MIL,2,0,17,2,MIA,4,3
27-000,9,0,2009-01-17,2,11,4,7,.440,25,3,.500,6,@,L (-7),23.8,1,39:00,HOU,2,3,29,5,MIA,3,4
27-001,10,3,2009-01-18,1,14,2,4,.500,28,2,1.000,2,@,W (+10),25.4,1,38:42,OKC,0,0,32,0,MIA,2,1
27-004,4,0,2009-01-21,3,9,2,5,.529,17,5,.714,7,,L (-15),17.7,1,42:43,BOS,1,4,25,2,MIA,3,4
27-007,6,1,2009-01-24,8,11,0,1,.524,21,5,.556,9,,W (+6),21.6,1,36:13,ORL,0,2,27,0,MIA,0,8
27-009,4,2,2009-01-26,5,13,0,0,.684,19,9,.900,10,,W (+16),29.4,1,34:12,ATL,0,2,35,2,MIA,4,5
27-011,9,0,2009-01-28,9,6,0,1,.375,16,2,.500,4,,W (+22),16.0,1,29:26,WAS,0,1,14,3,MIA,0,9
27-013,3,2,2009-01-30,5,10,0,3,.588,17,4,.500,8,@,L (-11),17.1,1,35:33,IND,2,2,24,1,MIA,4,7
27-014,2,1,2009-01-31,3,13,2,4,.565,23,2,.500,4,,L (-15),15.9,1,36:00,DAL,0,1,30,1,MIA,6,3
27-016,9,0,2009-02-02,2,10,2,3,.588,17,10,.833,12,,W (+24),28.1,1,37:11,LAC,1,2,32,0,MIA,2,3
27-018,13,2,2009-02-04,5,10,4,9,.323,31,5,.714,7,@,L (-3),26.9,1,45:15,DET,2,0,29,3,MIA,0,7
27-021,7,0,2009-02-07,3,8,0,4,.421,19,5,.625,8,@,L (-10),13.0,1,41:06,PHI,1,3,21,0,MIA,2,4
27-022,4,1,2009-02-08,3,10,1,2,.526,19,1,.250,4,,W (+4),18.6,1,31:34,CHA,1,0,22,4,MIA,2,4
27-024,2,0,2009-02-10,5,12,1,5,.545,22,8,.667,12,,L (-17),21.7,1,39:19,DEN,2,1,33,2,MIA,5,7
27-026,7,2,2009-02-12,2,9,0,2,.391,23,6,1.000,6,@,W (+2),15.6,1,38:15,CHI,0,2,24,1,MIA,3,2
27-032,12,1,2009-02-18,2,12,1,5,.545,22,12,.923,13,,L (-7),38.3,1,43:15,MIN,2,2,37,3,MIA,1,4
27-035,9,3,2009-02-21,3,8,0,2,.571,14,9,1.000,9,,W (+6),24.2,1,38:34,PHI,1,3,25,2,MIA,5,4
27-036,5,1,2009-02-22,5,17,2,7,.567,30,14,.933,15,@,L (-23),39.9,1,37:17,ORL,0,3,50,1,MIA,1,5
27-038,16,0,2009-02-24,5,11,1,4,.550,20,8,.889,9,,W (+12),28.7,1,41:34,DET,2,1,31,0,MIA,6,7
27-041,10,1,2009-02-27,2,9,1,2,.529,17,2,1.000,2,@,L (-8),18.4,1,37:52,ATL,0,4,21,3,MIA,4,2
27-042,10,4,2009-02-28,4,16,2,3,.552,29,12,1.000,12,,W (+5),47.5,1,41:18,NYK,4,1,46,4,MIA,2,8
27-044,9,1,2009-03-02,4,16,2,6,.533,30,7,.778,9,,L (-7),33.7,1,39:42,CLE,3,3,41,7,MIA,8,7
27-046,16,1,2009-03-04,4,13,2,3,.619,21,7,.778,9,,W (+6),38.0,1,38:35,PHO,2,3,35,1,MIA,1,6
27-048,8,1,2009-03-06,4,17,3,5,.739,23,5,.714,7,@,W (+6),33.8,1,39:48,TOR,2,0,42,1,MIA,8,6
27-049,12,0,2009-03-07,7,9,2,4,.391,23,5,1.000,5,@,L (-10),23.9,1,41:22,CLE,1,2,25,4,MIA,3,8
27-051,12,3,2009-03-09,5,15,5,6,.714,21,13,.722,18,,W (+3),49.0,1,49:51,CHI,1,0,48,4,MIA,5,6
27-053,7,0,2009-03-11,2,9,1,4,.450,20,13,.813,16,,W (+8),30.3,1,36:39,BOS,2,0,32,4,MIA,1,4
27-056,9,2,2009-03-14,7,19,4,11,.487,39,8,.889,9,,W (+11),39.0,1,52:28,UTA,3,2,50,4,MIA,6,10
27-057,3,1,2009-03-15,4,8,0,6,.381,21,2,.667,3,@,L (-8),7.7,1,34:32,PHI,0,1,18,1,MIA,3,4
27-062,6,1,2009-03-20,7,9,0,3,.429,21,9,.643,14,@,L (-8),19.8,1,39:11,NJN,1,2,27,1,MIA,2,8
27-064,6,4,2009-03-22,1,13,2,4,.565,23,11,.786,14,@,W (+5),33.7,1,38:44,DET,1,3,39,2,MIA,2,2
27-065,8,1,2009-03-23,1,11,0,2,.478,23,5,.625,8,,W (+12),18.5,1,31:39,MEM,0,3,27,2,MIA,3,1
27-067,8,0,2009-03-25,4,5,1,6,.208,24,10,.833,12,@,L (-2),13.8,1,38:29,IND,0,1,21,4,MIA,2,4
27-068,4,1,2009-03-26,1,12,1,3,.571,21,6,.750,8,@,L (-19),25.7,1,38:29,CHI,4,3,31,1,MIA,1,5
27-070,7,0,2009-03-28,3,9,0,1,.529,17,9,.818,11,,W (+17),20.8,1,36:30,MIL,1,4,27,3,MIA,5,4
27-072,4,1,2009-03-30,4,16,0,1,.471,34,10,.769,13,,L (-6),31.1,1,41:26,ORL,0,0,42,4,MIA,1,4
27-074,6,1,2009-04-01,2,9,0,1,.450,20,5,.833,6,@,L (-2),14.6,1,39:04,DAL,1,2,23,1,MIA,4,3
27-076,10,0,2009-04-03,4,10,0,2,.476,21,7,.636,11,@,W (+5),22.7,1,38:51,CHA,0,3,27,3,MIA,2,4
27-077,8,0,2009-04-04,5,7,4,7,.538,13,15,.882,17,@,W (+14),27.8,1,33:15,WAS,0,3,33,2,MIA,6,5
27-080,6,2,2009-04-07,6,11,2,5,.407,27,8,.889,9,,L (-6),19.4,1,43:27,NOH,1,2,32,1,MIA,6,7
27-083,9,1,2009-04-10,3,11,2,4,.550,20,7,.538,13,@,L (-7),24.3,1,40:27,BOS,0,4,31,0,MIA,1,3
27-085,4,1,2009-04-12,7,19,6,12,.633,30,11,.846,13,,W (+17),43.6,1,39:17,NYK,2,3,55,0,MIA,3,9
25-301,5,1,2007-11-14,0,5,0,2,.556,9,5,.625,8,,L (-9),14.2,0,24:16,SEA,1,3,15,3,MIA,2,1
25-303,6,0,2007-11-16,1,8,0,1,.533,15,7,.583,12,@,L (-1),16.2,1,38:19,BOS,0,0,23,1,MIA,3,1
25-304,9,1,2007-11-17,5,4,0,0,.235,17,15,.750,20,@,W (+4),17.1,1,39:01,NJN,1,2,23,4,MIA,6,6
25-308,5,0,2007-11-21,4,4,0,0,.333,12,6,.750,8,,L (-3),8.2,1,28:09,ATL,1,4,14,2,MIA,4,5
25-310,5,2,2007-11-23,1,11,0,1,.458,24,9,.692,13,,W (+7),19.2,1,42:20,HOU,2,1,31,1,MIA,5,3
25-311,6,1,2007-11-24,4,12,0,1,.571,21,8,.727,11,@,L (-21),24.6,1,40:13,ORL,2,2,32,1,MIA,4,6
25-314,4,0,2007-11-27,2,4,1,2,.364,11,4,.800,5,,W (+20),8.6,1,26:28,CHA,1,0,13,3,MIA,5,3
25-317,1,2,2007-11-30,4,2,0,2,.182,11,6,.545,11,,L (-10),0.5,1,42:00,BOS,1,4,10,3,MIA,6,5
25-319,3,0,2007-12-02,1,6,0,0,.750,8,1,.333,3,@,L (-26),7.8,1,19:13,DEN,0,4,13,0,MIA,2,1
25-320,10,2,2007-12-03,4,10,0,2,.500,20,6,.500,12,@,L (-9),24.0,1,42:08,UTA,0,3,26,5,MIA,3,4
25-323,9,1,2007-12-06,8,9,0,0,.346,26,3,.750,4,@,L (-6),10.2,1,41:36,POR,2,4,21,0,MIA,5,10
25-324,10,0,2007-12-07,1,11,0,0,.478,23,11,.917,12,@,L (-7),19.9,1,45:14,GSW,1,5,33,0,MIA,7,2
25-326,10,1,2007-12-09,4,13,0,0,.565,23,7,.875,8,@,W (+6),26.9,1,40:44,LAC,1,1,33,1,MIA,5,5
25-327,6,0,2007-12-10,2,13,0,0,.619,21,5,1.000,5,@,W (+4),23.8,1,42:17,PHO,1,3,31,3,MIA,5,3
25-330,7,1,2007-12-13,7,5,0,1,.455,11,7,.700,10,,L (-13),9.4,1,40:02,WAS,0,1,17,0,MIA,8,7
25-332,9,1,2007-12-15,3,6,0,1,.429,14,12,.923,13,,L (-3),15.8,1,38:28,IND,1,5,24,1,MIA,8,4
25-334,4,0,2007-12-17,2,6,0,0,.273,22,18,.900,20,,W (+4),19.2,1,39:54,MIN,2,2,30,2,MIA,3,4
25-336,10,2,2007-12-19,5,8,0,0,.471,17,20,.909,22,@,L (-3),33.5,1,49:01,ATL,1,4,36,1,MIA,3,6
25-337,6,3,2007-12-20,3,15,1,1,.652,23,10,.833,12,,L (-4),37.1,1,44:36,NJN,2,4,41,3,MIA,3,5
25-339,6,1,2007-12-22,3,6,0,0,.429,14,8,.800,10,,W (+2),15.0,1,35:35,UTA,0,4,20,1,MIA,2,3
25-342,8,0,2007-12-25,5,7,0,0,.389,18,8,.500,16,@,L (-14),10.6,1,40:56,CLE,1,3,22,0,MIA,5,6
25-343,9,1,2007-12-26,1,10,0,1,.455,22,7,.875,8,@,L (-11),20.7,1,44:29,PHI,0,2,27,3,MIA,4,1
25-345,11,3,2007-12-28,7,16,0,0,.762,21,16,.696,23,,L (-7),45.2,1,51:35,ORL,0,4,48,3,MIA,5,7
25-346,6,0,2007-12-29,2,5,0,1,.417,12,2,.500,4,@,L (-22),5.3,1,27:38,WAS,1,0,12,2,MIA,7,3
25-350,8,0,2008-01-02,3,10,1,1,.625,16,6,.750,8,,L (-5),25.1,1,40:53,MIL,0,1,27,4,MIA,4,3
25-354,9,1,2008-01-06,3,7,0,2,.350,20,4,.667,6,@,L (-7),13.5,0,29:04,MEM,0,1,18,4,MIA,4,3
25-356,7,0,2008-01-08,4,10,0,0,.556,18,5,.714,7,@,L (-10),15.4,1,39:23,MIN,1,5,25,1,MIA,6,5
25-357,5,0,2008-01-09,5,11,0,0,.500,22,12,.923,13,@,L (-6),28.0,1,40:51,MIL,4,1,34,3,MIA,5,9
25-359,7,0,2008-01-11,1,4,0,0,.286,14,3,.750,4,@,L (-26),6.2,1,36:33,NOH,0,1,11,2,MIA,3,1
25-364,6,0,2008-01-16,2,9,0,0,.429,21,6,.750,8,,L (-30),13.1,1,37:04,CHI,0,2,24,1,MIA,4,2
26-001,3,1,2008-01-18,3,14,2,2,.483,29,7,1.000,7,,L (-7),24.8,1,41:26,POR,2,4,37,1,MIA,2,5
26-002,9,0,2008-01-19,5,7,1,3,.304,23,7,.778,9,,L (-4),13.5,1,40:24,NYK,0,3,22,1,MIA,2,5
26-004,7,1,2008-01-21,3,17,1,3,.586,29,7,.875,8,,L (-7),34.5,1,40:13,CLE,3,3,42,3,MIA,4,6
26-007,9,1,2008-01-24,5,10,0,1,.435,23,7,.583,12,,L (-1),21.3,1,41:18,SAS,1,2,27,4,MIA,4,6
26-009,4,1,2008-01-26,7,12,2,5,.600,20,9,.818,11,,W (+2),28.5,1,40:26,IND,1,2,35,1,MIA,3,8
26-012,6,0,2008-01-29,3,1,0,1,.111,9,5,1.000,5,,L (-30),2.1,1,27:59,BOS,1,2,7,0,MIA,4,4
26-015,6,0,2008-02-01,6,7,0,1,.500,14,1,1.000,1,,L (-9),8.5,1,37:26,NJN,1,3,15,1,MIA,6,7
26-018,4,0,2008-02-04,1,5,0,1,.417,12,2,1.000,2,,L (-32),7.6,1,27:59,TOR,1,2,12,2,MIA,3,2
26-020,12,1,2008-02-06,4,11,0,3,.440,25,8,.889,9,@,L (-5),22.5,1,41:22,DET,1,5,30,1,MIA,4,5
26-021,9,1,2008-02-07,5,5,0,2,.294,17,9,.818,11,@,L (-17),10.9,1,39:12,PHI,1,4,19,1,MIA,6,6
26-024,9,0,2008-02-10,4,7,0,1,.412,17,5,.833,6,,L (-10),11.9,1,41:14,LAL,1,2,19,4,MIA,9,5
26-026,10,0,2008-02-12,1,11,3,7,.423,26,4,.667,6,,L (-1),21.2,1,43:47,DEN,1,3,29,2,MIA,2,2
26-028,7,0,2008-02-14,6,11,2,4,.524,21,6,.750,8,@,L (-7),20.7,1,42:03,CHI,1,4,30,2,MIA,6,7
26-035,11,0,2008-02-21,4,13,1,3,.619,21,6,.857,7,@,L (-12),28.2,1,39:29,HOU,0,2,33,0,MIA,3,4
26-037,5,2,2008-02-23,2,11,2,5,.478,23,9,.900,10,,L (-5),24.7,1,44:26,PHI,1,1,33,2,MIA,4,3
26-040,9,2,2008-02-26,2,6,0,1,.500,12,3,.500,6,,W (+21),9.9,1,37:12,SAC,0,3,15,0,MIA,5,2
26-042,3,1,2008-02-28,0,6,2,3,.353,17,4,.571,7,@,L (-18),4.8,1,28:38,LAL,1,5,18,0,MIA,4,1
26-043,5,1,2008-02-29,3,13,1,2,.520,25,4,.571,7,@,W (+10),20.4,1,39:51,SEA,0,3,31,3,MIA,4,3
26-045,7,0,2008-03-02,2,8,1,5,.533,15,9,.900,10,@,L (-11),18.6,1,39:37,SAC,0,3,26,0,MIA,4,2
26-048,4,0,2008-03-05,3,6,1,3,.462,13,3,.600,5,,L (-25),7.8,1,32:45,TOR,0,1,16,1,MIA,5,3
26-051,8,1,2008-03-08,3,11,0,2,.550,20,2,.500,4,@,L (-3),15.9,1,39:13,ATL,1,4,24,0,MIA,4,4
24-287,3,0,2006-10-31,1,10,2,3,.667,15,3,.500,6,,L (-42),16.2,1,34:07,CHI,1,3,25,1,MIA,4,2
24-290,5,1,2006-11-03,2,6,1,2,.462,13,4,.800,5,,W (+6),11.4,1,29:38,NJN,1,5,17,0,MIA,2,3
24-292,11,1,2006-11-05,1,9,0,1,.429,21,2,.400,5,@,L (-9),11.8,1,43:26,PHI,0,4,20,2,MIA,5,1
24-294,6,3,2006-11-07,4,8,1,4,.348,23,14,.824,17,,W (+3),20.7,1,42:30,SEA,3,2,31,2,MIA,7,7
24-297,10,0,2006-11-10,4,13,0,3,.520,25,8,.889,9,@,W (+7),31.4,1,40:52,NJN,1,2,34,3,MIA,1,5
24-299,4,1,2006-11-12,3,8,0,3,.364,22,8,1.000,8,,L (-22),14.2,1,43:06,HOU,4,2,24,1,MIA,5,7
24-301,11,0,2006-11-14,7,9,3,5,.429,21,16,.941,17,,L (-7),30.4,1,44:36,DEN,1,4,37,2,MIA,6,8
24-304,6,1,2006-11-17,3,8,0,2,.444,18,4,1.000,4,,L (-24),14.4,1,35:29,NYK,0,5,20,2,MIA,2,3
24-305,9,2,2006-11-18,5,11,1,2,.440,25,14,.824,17,@,W (+5),28.1,1,48:50,ATL,2,3,37,2,MIA,6,7
24-308,6,0,2006-11-21,3,8,0,2,.533,15,13,.929,14,@,L (-15),21.0,1,39:51,NOK,0,1,29,0,MIA,5,3
24-309,6,2,2006-11-22,5,7,0,1,.412,17,4,.800,5,@,L (-20),11.4,1,34:23,SAS,0,3,18,2,MIA,5,5
24-311,15,2,2006-11-24,4,9,0,1,.450,20,15,.750,20,,L (-3),32.0,1,42:42,ORL,1,1,33,3,MIA,5,5
24-312,12,0,2006-11-25,4,10,0,0,.714,14,15,.682,22,@,W (+9),33.0,1,45:20,CHA,2,1,35,0,MIA,4,6
24-314,13,2,2006-11-27,6,10,0,1,.556,18,13,.929,14,,W (+12),30.2,1,45:24,PHI,1,2,33,1,MIA,7,7
24-317,8,1,2006-11-30,4,5,1,4,.217,23,10,.769,13,,L (-2),13.9,1,45:51,DET,1,0,21,0,MIA,0,5
24-319,3,0,2006-12-02,1,8,0,0,.444,18,7,.700,10,@,W (+1),8.9,1,26:16,MEM,1,4,23,0,MIA,5,2
24-322,5,2,2006-12-05,4,12,1,3,.444,27,8,.800,10,@,L (-4),22.0,1,39:52,LAC,0,3,33,2,MIA,3,4
24-324,9,2,2006-12-07,11,13,0,0,.481,27,6,.667,9,@,W (+2),27.3,1,43:54,SAC,0,2,32,3,MIA,3,11
24-325,14,1,2006-12-08,3,8,0,0,.533,15,5,.833,6,@,L (-16),23.5,1,33:25,DEN,0,3,21,4,MIA,4,3
24-328,5,1,2006-12-11,4,13,0,1,.619,21,11,.846,13,,W (+22),28.1,1,37:26,TOR,0,0,37,1,MIA,5,4
24-333,7,1,2006-12-16,4,15,0,1,.625,24,11,.786,14,,W (+8),33.7,1,39:32,MEM,1,2,41,5,MIA,7,5
24-335,9,1,2006-12-18,3,12,0,2,.480,25,5,1.000,5,,W (+2),23.8,1,42:08,NOK,2,2,29,4,MIA,5,5
24-337,8,0,2006-12-20,1,10,1,2,.526,19,6,.750,8,@,L (-26),20.2,1,38:35,MIL,0,4,27,2,MIA,3,1
24-340,8,4,2006-12-23,1,7,1,1,.467,15,3,.750,4,,W (+13),15.0,1,35:38,GSW,0,4,18,1,MIA,3,1
24-342,11,4,2006-12-25,4,12,1,1,.600,20,15,.938,16,,W (+16),41.3,1,41:20,LAL,0,2,40,4,MIA,4,4
24-344,0,0,2006-12-27,0,0,0,1,.000,2,0,,0,@,L (-6),-1.8,1,6:20,CHI,0,1,0,1,MIA,1,0
24-355,3,0,2007-01-07,4,9,0,1,.529,17,15,.882,17,@,W (+3),25.5,1,41:18,POR,1,1,33,2,MIA,4,5
24-358,13,1,2007-01-10,3,8,0,0,.500,16,13,.765,17,@,W (+4),25.3,1,37:39,SEA,2,3,29,0,MIA,5,5
24-360,9,3,2007-01-12,10,8,1,3,.471,17,5,.625,8,@,W (+22),18.1,1,35:07,GSW,0,1,22,0,MIA,5,10
24-361,10,2,2007-01-13,1,5,1,2,.417,12,21,.913,23,@,W (+9),33.5,1,39:07,UTA,0,5,32,6,MIA,4,1
24-363,8,0,2007-01-15,3,12,0,2,.480,25,11,.846,13,@,L (-6),27.8,1,42:00,LAL,2,4,35,4,MIA,4,5
25-001,8,1,2007-01-18,5,13,0,0,.542,24,7,.778,9,,W (+3),29.3,1,37:21,IND,1,2,33,4,MIA,3,6
25-002,9,0,2007-01-19,7,10,1,1,.385,26,7,.778,9,@,L (-3),19.4,1,48:52,PHI,4,2,28,1,MIA,5,11
25-004,6,0,2007-01-21,5,12,1,4,.571,21,6,.667,9,,L (-6),27.5,1,44:23,DAL,1,2,31,2,MIA,0,6
25-007,8,3,2007-01-24,4,12,1,3,.545,22,7,.875,8,@,L (-2),30.0,1,46:27,IND,1,4,32,5,MIA,4,5
25-009,5,0,2007-01-26,3,10,0,3,.455,22,17,.810,21,@,L (-20),25.9,1,35:16,NYK,1,3,37,1,MIA,3,4
25-010,8,1,2007-01-27,6,8,0,1,.333,24,8,.727,11,@,L (-3),18.9,1,41:26,CHI,2,2,24,3,MIA,2,8
25-013,6,1,2007-01-30,4,12,0,1,.706,17,4,1.000,4,,W (+30),24.6,1,30:47,MIL,2,2,28,2,MIA,5,6
25-015,5,2,2007-02-01,4,9,0,1,.450,20,23,.958,24,,W (+3),27.3,1,42:25,CLE,0,0,41,3,MIA,12,4
25-017,11,1,2007-02-03,5,11,0,1,.647,17,10,.769,13,@,W (+19),36.9,1,42:05,MIL,3,1,32,4,MIA,2,8
25-019,12,2,2007-02-05,5,10,0,2,.588,17,7,.700,10,,W (+20),27.8,1,39:01,CHA,0,1,27,3,MIA,4,5
25-021,9,3,2007-02-07,6,10,1,1,.588,17,9,1.000,9,@,W (+12),27.5,1,37:44,BOS,0,2,30,1,MIA,5,6
25-023,7,2,2007-02-09,0,10,0,0,.588,17,7,.778,9,@,L (-24),19.5,1,38:37,CLE,1,2,27,2,MIA,7,1
25-025,7,3,2007-02-11,3,10,1,2,.526,19,5,.714,7,,W (+15),18.3,1,41:05,SAS,1,3,26,1,MIA,6,4
25-027,5,3,2007-02-13,2,14,1,3,.609,23,6,.857,7,,W (+19),29.8,1,34:48,POR,1,3,35,2,MIA,2,3
25-035,9,0,2007-02-21,1,11,0,1,.440,25,5,.714,7,@,L (-10),18.7,1,34:17,HOU,2,1,27,2,MIA,4,3
25-081,8,1,2007-04-08,2,3,0,1,.333,9,6,.500,12,,L (-8),5.3,0,26:34,CHA,1,2,12,0,MIA,6,3
25-083,2,0,2007-04-10,4,6,0,0,.500,12,2,1.000,2,@,L (-10),9.3,1,21:01,CHA,1,0,14,2,MIA,4,5
25-084,7,0,2007-04-11,6,6,0,0,.545,11,4,.667,6,,W (+3),11.2,1,34:17,WAS,0,1,16,2,MIA,7,6
25-086,3,1,2007-04-13,3,9,0,0,.409,22,5,.833,6,,W (+4),14.6,1,34:37,IND,1,4,23,5,MIA,4,4
25-089,2,0,2007-04-16,0,3,0,0,.429,7,2,.667,3,,L (-2),5.6,1,23:53,BOS,1,1,8,2,MIA,2,1
23-289,6,2,2005-11-02,8,9,0,1,.500,18,5,.714,7,@,W (+19),16.0,1,39:45,MEM,2,4,23,2,MIA,7,10
23-290,10,1,2005-11-03,4,10,1,4,.588,17,10,.769,13,,L (-3),27.0,1,44:00,IND,2,3,31,1,MIA,5,6
23-292,9,1,2005-11-05,4,6,0,1,.353,17,9,.643,14,@,L (-5),14.8,1,36:36,MIL,3,5,21,1,MIA,4,7
23-294,6,1,2005-11-07,4,8,0,1,.444,18,7,.700,10,,W (+1),20.7,1,35:14,NJN,2,3,23,4,MIA,2,6
23-296,6,0,2005-11-09,7,11,0,0,.458,24,7,.778,9,@,L (-5),14.7,1,39:31,IND,4,3,29,1,MIA,10,11
23-297,7,1,2005-11-10,5,10,0,1,.435,23,5,.833,6,,W (+4),22.3,1,40:25,HOU,3,1,25,3,MIA,2,8
23-299,7,1,2005-11-12,5,7,0,2,.467,15,5,.625,8,,W (+9),17.8,1,32:31,CHA,2,2,19,2,MIA,2,7
23-302,10,1,2005-11-15,2,7,0,1,.333,21,11,.733,15,,W (+7),18.0,1,45:44,NOK,2,3,25,1,MIA,3,4
23-305,10,1,2005-11-18,6,12,0,3,.444,27,8,.889,9,,W (+10),28.9,1,42:53,PHI,3,3,32,3,MIA,2,9
23-307,9,0,2005-11-20,6,14,1,4,.483,29,4,.571,7,@,L (-13),23.8,1,41:25,TOR,2,2,33,1,MIA,3,8
23-310,4,0,2005-11-23,8,7,0,0,.538,13,5,.833,6,,W (+21),19.2,1,31:57,POR,3,1,19,2,MIA,2,11
23-312,4,0,2005-11-25,0,7,0,3,.368,19,9,.900,10,,L (-13),13.3,1,39:11,DAL,0,4,23,5,MIA,5,0
23-313,4,2,2005-11-26,5,8,0,0,.400,20,5,.500,10,@,L (-3),9.4,1,39:45,ORL,1,3,21,0,MIA,4,6
23-315,5,2,2005-11-28,1,9,0,1,.474,19,15,.833,18,,W (+13),29.5,1,33:54,NYK,2,3,33,3,MIA,1,3
23-317,6,0,2005-11-30,3,8,0,0,.364,22,4,.800,5,@,W (+22),15.4,1,37:09,ATL,1,2,20,5,MIA,2,4
23-319,7,1,2005-12-02,4,11,0,0,.500,22,5,.833,6,@,W (+11),19.1,1,34:55,SAC,1,5,27,1,MIA,3,5
23-320,6,0,2005-12-03,4,9,0,0,.563,16,14,.737,19,@,L (-2),28.2,1,33:32,DEN,2,5,32,2,MIA,1,6
23-322,4,1,2005-12-05,6,12,0,2,.480,25,5,.714,7,@,L (-10),18.2,1,42:09,LAC,0,4,29,4,MIA,5,6
23-324,10,0,2005-12-07,4,8,0,1,.400,20,15,.882,17,@,L (-14),23.4,1,40:19,SAS,2,4,31,1,MIA,5,6
23-326,3,1,2005-12-09,9,10,0,0,.435,23,17,.810,21,,L (-8),25.3,1,42:33,DEN,1,3,37,2,MIA,5,10
23-328,8,1,2005-12-11,7,15,0,1,.556,27,11,.846,13,,W (+3),38.6,1,47:02,WAS,3,3,41,4,MIA,2,10
23-330,11,2,2005-12-13,5,6,0,0,.353,17,2,.500,4,@,W (+3),13.7,1,42:21,CHI,0,4,14,3,MIA,2,5
23-331,7,1,2005-12-14,4,9,0,0,.643,14,9,1.000,9,@,W (+17),26.8,1,43:22,MIL,0,2,27,2,MIA,2,4
23-333,3,1,2005-12-16,6,11,0,0,.688,16,10,.769,13,@,W (+7),26.4,1,41:35,PHI,0,3,32,1,MIA,2,6
23-334,7,1,2005-12-17,3,11,0,2,.500,22,11,.846,13,@,L (-8),27.6,1,39:16,CLE,1,2,33,2,MIA,2,4
23-337,2,0,2005-12-20,5,3,1,1,.500,6,7,.875,8,,W (+19),9.7,1,23:58,ATL,0,2,14,0,MIA,3,5
23-340,7,0,2005-12-23,3,4,0,2,.200,20,9,.750,12,,L (-7),10.5,1,39:04,NJN,1,1,17,2,MIA,1,4
23-342,5,0,2005-12-25,3,5,0,0,.333,15,8,.615,13,,W (+5),10.0,1,29:57,LAL,1,4,18,1,MIA,2,4
23-344,7,1,2005-12-27,3,10,0,0,.714,14,15,.789,19,,W (+11),30.9,1,40:07,MIL,0,3,35,2,MIA,4,3
23-346,9,1,2005-12-29,5,14,0,0,.700,20,5,1.000,5,@,L (-5),27.8,1,45:26,DET,1,5,33,0,MIA,4,6
23-347,5,0,2005-12-30,4,8,0,1,.471,17,18,.857,21,@,W (+15),30.4,1,40:51,WAS,4,3,34,2,MIA,2,8
23-349,9,1,2006-01-01,6,8,0,1,.533,15,3,.600,5,,W (+27),15.1,1,33:22,MIN,0,4,19,0,MIA,3,6
23-352,10,0,2006-01-04,9,7,0,0,.438,16,5,.556,9,@,L (-15),10.2,1,36:33,NOK,1,3,19,0,MIA,8,10
23-356,7,0,2006-01-08,3,13,0,0,.765,17,5,.833,6,@,W (+29),33.9,1,27:51,POR,2,3,31,6,MIA,2,5
23-359,11,1,2006-01-11,5,13,0,1,.684,19,6,1.000,6,@,W (+14),31.0,1,40:25,GSW,0,2,32,2,MIA,4,5
23-361,14,2,2006-01-13,7,4,0,0,.286,14,7,.875,8,@,W (+13),18.4,1,39:35,SEA,3,1,15,2,MIA,5,10
23-362,8,1,2006-01-14,6,10,0,1,.500,20,11,.917,12,@,W (+6),29.1,1,45:41,UTA,2,0,31,4,MIA,5,8
23-364,7,1,2006-01-16,2,11,0,3,.458,24,12,.750,16,@,L (-8),24.8,1,42:26,LAL,0,1,34,0,MIA,1,2
24-003,1,0,2006-01-20,2,14,1,2,.483,29,7,.875,8,,L (-7),20.4,1,41:28,SAS,2,3,36,3,MIA,5,4
24-005,7,1,2006-01-22,4,11,0,0,.647,17,0,.000,1,,W (+20),21.3,1,36:11,SAC,2,0,22,1,MIA,2,6
24-007,4,3,2006-01-24,4,6,0,2,.500,12,13,.650,20,,W (+12),20.5,1,40:57,MEM,0,2,25,2,MIA,3,4
24-009,1,0,2006-01-26,0,10,1,4,.500,20,4,.800,5,,L (-9),14.1,1,41:44,PHO,2,4,25,2,MIA,3,2
24-012,9,0,2006-01-29,5,8,0,0,.444,18,16,.842,19,@,W (+6),26.5,1,42:11,HOU,1,1,32,0,MIA,3,6
24-013,11,4,2006-01-30,3,9,0,2,.474,19,10,.833,12,,W (+4),27.1,1,43:47,LAC,0,2,28,0,MIA,1,3
24-016,6,1,2006-02-02,4,11,0,0,.550,20,2,.667,3,,W (+28),19.5,1,34:55,CLE,0,4,24,4,MIA,3,4
24-018,5,0,2006-02-04,2,11,0,1,.524,21,9,.900,10,@,L (-13),24.9,1,40:31,NJN,1,3,31,3,MIA,2,3
24-020,8,1,2006-02-06,5,10,1,1,.588,17,13,.867,15,,W (+16),33.6,1,38:38,BOS,3,4,34,2,MIA,2,8
24-023,8,2,2006-02-09,1,6,0,0,.462,13,4,.667,6,@,L (-36),13.4,1,32:33,DAL,0,1,16,2,MIA,4,1
24-026,4,1,2006-02-12,6,15,0,1,.556,27,7,.778,9,,W (+2),28.8,1,42:39,DET,2,3,37,0,MIA,0,8
24-028,3,0,2006-02-14,4,13,0,0,.650,20,12,.857,14,,W (+14),29.2,1,40:12,ORL,1,3,38,0,MIA,2,5
24-029,9,1,2006-02-15,6,10,0,0,.526,19,16,.842,19,@,W (+10),31.9,1,40:10,ORL,4,3,36,1,MIA,5,10
24-036,5,0,2006-02-22,5,5,0,0,.313,16,14,.824,17,@,W (+20),17.8,1,30:52,NYK,2,3,24,1,MIA,2,7
24-039,11,1,2006-02-25,5,11,0,0,.550,20,4,.444,9,,W (+9),21.5,1,41:56,SEA,2,3,26,0,MIA,3,7
24-041,6,0,2006-02-27,4,15,0,0,.789,19,2,.500,4,,W (+7),25.2,1,44:49,TOR,1,2,32,2,MIA,6,5
24-043,8,0,2006-03-01,3,7,0,0,.467,15,10,.625,16,@,W (+7),17.6,1,40:08,BOS,2,3,24,2,MIA,5,5
24-050,5,0,2006-03-08,3,13,1,3,.619,21,13,.929,14,,W (+6),30.7,1,43:32,WAS,0,2,40,3,MIA,6,3
24-052,6,0,2006-03-10,4,14,2,4,.700,20,12,.706,17,,L (-5),34.2,1,40:48,GSW,2,3,42,2,MIA,5,6
24-054,7,1,2006-03-12,6,11,0,0,.423,26,13,.722,18,,W (+6),26.7,1,45:09,CLE,3,5,35,2,MIA,2,9
24-056,6,2,2006-03-14,5,9,0,1,.692,13,7,1.000,7,,W (+38),24.1,1,29:25,UTA,1,3,25,1,MIA,3,6
24-058,6,1,2006-03-16,1,12,0,2,.600,20,6,.545,11,,W (+3),25.9,1,39:51,BOS,1,2,30,3,MIA,1,2
24-060,2,0,2006-03-18,2,1,0,0,.125,8,13,1.000,13,@,W (+1),4.2,1,29:11,CHI,2,5,15,3,MIA,10,4
24-061,9,0,2006-03-19,4,10,0,1,.588,17,10,.769,13,@,W (+11),24.3,1,41:32,NYK,1,2,30,1,MIA,5,5
24-063,8,0,2006-03-21,1,10,2,3,.417,24,13,.929,14,@,L (-4),26.0,1,39:41,MIN,3,2,35,0,MIA,3,4
24-064,9,1,2006-03-22,2,3,1,3,.200,15,6,.750,8,@,L (-9),7.6,1,40:07,DET,1,4,13,3,MIA,5,3
24-066,8,1,2006-03-24,5,9,0,0,.692,13,6,.857,7,,W (+21),21.7,1,30:51,CHA,0,3,24,2,MIA,5,5
24-069,5,0,2006-03-27,4,7,0,0,.333,21,8,.889,9,,W (+5),14.0,1,42:12,IND,4,3,22,2,MIA,4,8
24-071,3,2,2006-03-29,3,12,0,2,.522,23,13,.867,15,@,W (+4),25.1,1,39:32,TOR,0,3,37,2,MIA,5,3
24-074,9,1,2006-04-01,6,18,1,4,.500,36,7,.778,9,@,L (-7),34.8,1,42:56,CLE,2,4,44,2,MIA,1,8
24-075,5,1,2006-04-02,5,12,0,0,.462,26,8,1.000,8,@,L (-12),21.2,1,41:26,NJN,1,2,32,2,MIA,5,6
24-077,8,1,2006-04-04,8,6,0,0,.600,10,2,.286,7,,W (+26),12.7,1,32:49,MIL,0,1,14,2,MIA,5,8
24-079,6,0,2006-04-06,7,11,0,0,.500,22,7,.700,10,,L (-13),20.5,1,45:42,DET,2,5,29,1,MIA,3,9
24-081,8,0,2006-04-08,3,3,0,1,.429,7,5,1.000,5,@,W (+13),10.8,1,21:30,WAS,0,5,11,3,MIA,4,3
24-082,7,1,2006-04-09,2,9,0,1,.529,17,9,.818,11,,L (-9),19.9,1,41:36,ORL,0,3,27,4,MIA,7,2
24-087,8,1,2006-04-14,5,10,0,0,.526,19,5,.714,7,,W (+19),19.2,1,38:35,PHI,1,3,25,4,MIA,7,6
24-089,2,0,2006-04-16,3,2,0,0,.167,12,4,1.000,4,,L (-24),-0.2,1,19:58,CHI,1,4,8,2,MIA,4,4
22-291,6,0,2004-11-03,3,7,0,0,.500,14,7,.700,10,@,W (+23),16.5,1,36:00,NJN,2,2,21,1,MIA,3,5
22-292,5,3,2004-11-04,5,10,0,0,.500,20,8,.800,10,,W (+6),25.6,1,41:00,CLE,1,1,28,3,MIA,2,6
22-294,12,0,2004-11-06,8,11,1,1,.688,16,14,.875,16,@,W (+12),33.4,1,43:00,WAS,0,2,37,1,MIA,7,8
22-297,9,2,2004-11-09,3,7,0,0,.636,11,8,.727,11,,W (+10),22.0,1,33:00,WAS,1,3,22,2,MIA,4,4
22-299,5,0,2004-11-11,6,6,0,0,.333,18,8,.889,9,,L (-20),14.9,1,31:00,DAL,2,3,20,3,MIA,3,8
22-304,6,1,2004-11-16,0,9,0,0,.600,15,7,.778,9,@,L (-11),20.4,1,36:00,MIN,2,3,25,1,MIA,3,2
22-305,7,3,2004-11-17,5,6,0,0,.600,10,6,.500,12,@,W (+7),12.1,1,33:00,MIL,0,6,18,1,MIA,6,5
22-307,8,2,2004-11-19,4,12,0,0,.545,22,15,.714,21,,W (+2),30.6,1,47:00,UTA,0,4,39,3,MIA,5,4
22-309,7,1,2004-11-21,2,7,0,0,.538,13,11,.846,13,,W (+10),19.8,1,40:00,PHI,1,5,25,2,MIA,5,3
22-311,9,3,2004-11-23,0,5,0,0,.385,13,9,.818,11,,L (-12),21.0,1,40:00,POR,3,4,19,4,MIA,3,3
22-312,11,2,2004-11-24,7,12,0,1,.706,17,7,.875,8,@,W (+6),32.2,1,43:00,ATL,1,3,31,0,MIA,2,8
22-314,6,0,2004-11-26,3,6,0,0,.353,17,5,.833,6,@,L (-1),12.2,1,43:00,DET,2,6,17,3,MIA,2,5
22-316,9,1,2004-11-28,3,7,0,0,.389,18,11,.917,12,,W (+2),22.5,1,39:00,BOS,2,4,25,2,MIA,2,5
22-318,4,1,2004-11-30,7,8,1,2,.500,16,5,.625,8,,L (-2),14.4,1,44:00,TOR,2,1,22,0,MIA,5,9
22-321,8,0,2004-12-03,8,6,0,0,.500,12,3,.375,8,@,W (+24),10.2,1,37:00,CHI,2,3,15,0,MIA,5,10
22-322,8,0,2004-12-04,5,9,1,3,.563,16,7,.778,9,@,L (-9),19.8,1,33:00,DEN,1,4,26,1,MIA,5,6
22-324,4,1,2004-12-06,3,7,0,0,.636,11,9,.750,12,@,W (+20),20.6,1,38:00,UTA,1,1,23,0,MIA,1,4
22-326,10,2,2004-12-08,2,5,0,0,.333,15,7,.700,10,@,W (+5),13.5,1,42:00,MIL,2,3,17,2,MIA,5,4
22-328,9,2,2004-12-10,7,8,0,0,.615,13,10,.833,12,,W (+8),27.3,1,42:00,MEM,2,3,26,2,MIA,4,9
22-330,6,0,2004-12-12,3,8,0,0,.471,17,4,.800,5,@,W (+8),15.0,1,36:00,TOR,6,3,20,1,MIA,5,9
22-331,3,0,2004-12-13,2,0,0,0,.000,4,0,,0,,W (+23),1.8,1,18:00,WAS,1,2,0,2,MIA,0,3
22-333,9,0,2004-12-15,3,11,0,1,.478,23,7,.700,10,@,W (+5),20.5,1,46:00,WAS,2,3,29,2,MIA,5,5
22-335,4,2,2004-12-17,3,9,0,0,.529,17,7,.778,9,,W (+7),16.4,1,37:00,DEN,2,5,25,1,MIA,5,5
22-337,4,0,2004-12-19,3,6,0,1,.300,20,10,.909,11,,W (+10),13.1,1,40:00,ORL,2,5,22,2,MIA,2,5
22-339,11,2,2004-12-21,2,11,0,0,.550,20,11,.846,13,,W (+8),29.9,1,41:00,BOS,2,2,33,4,MIA,7,4
22-341,10,0,2004-12-23,7,10,0,1,.476,21,2,.500,4,@,W (+2),15.1,1,44:00,SAC,1,3,22,1,MIA,5,8
22-343,10,1,2004-12-25,3,10,0,0,.385,26,9,.900,10,@,W (+2),20.6,1,46:00,LAL,0,1,29,2,MIA,4,3
22-345,9,1,2004-12-27,0,10,0,0,.526,19,7,.700,10,,W (+14),21.4,1,41:00,ATL,3,3,27,2,MIA,5,3
22-348,10,1,2004-12-30,7,12,0,0,.667,18,7,.700,10,@,W (+11),29.3,1,42:00,DET,3,4,31,1,MIA,4,10
22-350,9,1,2005-01-01,3,11,0,0,.688,16,4,.400,10,,W (+23),21.9,1,39:00,CHA,0,2,26,1,MIA,3,3
22-352,4,0,2005-01-03,1,9,0,1,.409,22,10,.909,11,,L (-2),15.0,1,41:00,SEA,1,4,28,1,MIA,4,2
22-354,9,0,2005-01-05,2,8,0,0,.421,19,5,.625,8,,W (+8),14.2,1,41:00,NYK,4,3,21,2,MIA,6,6
22-356,12,1,2005-01-07,3,8,0,0,.533,15,9,.900,10,@,W (+11),22.4,1,42:00,POR,1,4,25,0,MIA,4,4
22-358,6,1,2005-01-09,2,7,0,0,.368,19,2,.667,3,@,L (-10),8.6,1,41:00,SEA,0,5,16,4,MIA,4,2
22-360,8,1,2005-01-11,4,9,0,0,.474,19,5,.625,8,@,L (-15),10.7,1,38:00,PHO,1,4,23,0,MIA,8,5
23-002,7,1,2005-01-19,1,10,0,0,.588,17,5,.625,8,,W (+19),18.3,1,35:00,ATL,1,3,25,0,MIA,3,2
23-004,3,2,2005-01-21,6,11,0,0,.407,27,8,.667,12,,L (-6),17.1,1,43:00,IND,3,3,30,2,MIA,5,9
23-006,7,0,2005-01-23,2,7,0,0,.636,11,4,.800,5,,W (+29),17.4,1,28:00,NOH,0,2,18,1,MIA,1,2
23-007,11,1,2005-01-24,5,3,0,1,.231,13,11,1.000,11,@,L (-8),13.1,1,43:00,PHI,1,4,17,1,MIA,6,6
23-009,10,0,2005-01-26,1,3,0,0,.429,7,10,.714,14,@,W (+15),13.3,1,30:00,TOR,1,6,16,2,MIA,5,2
23-011,5,2,2005-01-28,3,5,0,0,.385,13,9,.692,13,@,W (+10),12.7,1,33:00,ATL,2,2,19,1,MIA,5,5
23-013,6,1,2005-01-30,7,8,0,1,.444,18,14,.875,16,,W (+9),24.7,1,39:00,HOU,1,2,30,0,MIA,2,8
23-015,8,3,2005-02-01,5,12,0,1,.500,24,5,.833,6,@,L (-5),20.7,1,40:00,DAL,1,2,29,0,MIA,5,6
23-017,3,1,2005-02-03,5,6,0,0,.545,11,8,.800,10,,W (+12),14.8,1,36:00,CLE,0,1,20,1,MIA,4,5
23-019,2,1,2005-02-05,4,7,0,0,.389,18,11,.846,13,,W (+11),15.5,1,36:00,CHI,2,4,25,2,MIA,4,6
23-021,3,1,2005-02-07,3,5,0,0,.278,18,8,.889,9,,W (+9),2.9,1,41:00,GSW,0,2,18,1,MIA,8,3
23-023,6,1,2005-02-09,4,10,0,0,.455,22,10,.769,13,@,W (+6),20.3,1,46:00,NYK,2,4,30,1,MIA,4,6
23-025,7,1,2005-02-11,8,5,0,0,.333,15,1,.333,3,@,W (+10),4.4,1,41:00,CHA,1,0,11,1,MIA,7,9
23-027,6,2,2005-02-13,4,12,0,0,.462,26,4,1.000,4,,W (+4),19.5,1,44:00,SAS,1,4,28,4,MIA,5,5
23-030,12,4,2005-02-16,3,10,0,0,.588,17,8,.889,9,,W (+18),28.6,1,42:00,LAC,0,3,28,1,MIA,3,3
23-036,11,3,2005-02-22,6,9,1,2,.450,20,2,.500,4,@,L (-4),17.6,1,47:00,CHI,0,2,21,4,MIA,7,6
23-037,8,0,2005-02-23,1,13,0,1,.542,24,12,.800,15,@,L (-2),35.0,1,46:00,IND,3,3,38,5,MIA,2,4
23-040,4,1,2005-02-26,3,8,0,0,.615,13,9,.750,12,,W (+3),18.3,1,33:00,ORL,0,5,25,0,MIA,2,3
23-041,11,3,2005-02-27,1,11,0,0,.733,15,6,.857,7,@,W (+9),25.8,1,39:00,ORL,2,3,28,2,MIA,8,3
23-045,8,4,2005-03-03,5,10,0,0,.526,19,7,.583,12,@,W (+16),21.1,1,38:00,NJN,1,3,27,0,MIA,4,6
23-046,7,0,2005-03-04,5,8,1,2,.500,16,5,.833,6,,W (+21),19.4,1,33:00,SAC,2,0,22,0,MIA,2,7
23-048,4,1,2005-03-06,8,7,0,1,.318,22,4,.667,6,@,W (+20),7.9,1,40:00,CLE,2,0,18,2,MIA,6,10
23-049,7,1,2005-03-07,3,7,0,0,.500,14,18,.783,23,,W (+8),27.1,1,39:00,PHI,2,2,32,2,MIA,5,5
23-052,3,3,2005-03-10,7,6,0,0,.353,17,8,.800,10,,W (+17),14.0,1,40:00,MIN,0,0,20,2,MIA,4,7
23-054,2,1,2005-03-12,4,4,0,1,.400,10,5,.833,6,,W (+25),8.3,1,26:00,NJN,2,4,13,1,MIA,3,6
23-056,4,0,2005-03-14,3,10,1,1,.833,12,8,.889,9,,W (+39),27.1,1,26:00,MIL,0,2,29,2,MIA,2,3
23-057,5,1,2005-03-15,3,8,1,1,.533,15,7,.875,8,@,W (+2),16.8,1,39:00,NYK,0,4,24,1,MIA,4,3
23-059,5,1,2005-03-17,6,8,0,1,.500,16,11,.917,12,,W (+13),23.6,1,41:00,LAL,2,1,27,3,MIA,5,8
23-061,4,0,2005-03-19,1,12,0,0,.571,21,6,.667,9,,W (+15),23.9,1,40:00,NYK,1,2,30,5,MIA,3,2
23-064,4,0,2005-03-22,2,4,0,2,.211,19,12,.667,18,@,L (-2),5.7,1,42:00,HOU,2,5,20,1,MIA,4,4
23-067,9,1,2005-03-25,7,12,1,1,.480,25,10,.833,12,,W (+10),25.4,1,40:00,PHO,0,3,35,2,MIA,6,7
23-068,4,3,2005-03-26,2,7,0,1,.350,20,5,.625,8,@,L (-2),12.4,1,42:00,CHA,3,2,19,1,MIA,2,5
23-071,8,1,2005-03-29,3,7,0,1,.538,13,13,.813,16,,W (+12),22.2,1,42:00,TOR,1,3,27,1,MIA,5,4
23-073,6,0,2005-03-31,7,14,3,6,.467,30,6,.600,10,@,L (-6),25.1,1,44:00,IND,2,4,37,4,MIA,5,9
23-075,9,0,2005-04-02,1,11,0,0,.647,17,11,.733,15,@,W (+12),27.4,1,36:00,NOH,1,2,33,1,MIA,4,2
23-078,7,1,2005-04-05,2,13,0,2,.650,20,13,.765,17,,W (+18),29.6,1,33:00,CHI,2,4,39,1,MIA,6,4
23-081,7,0,2005-04-08,2,5,0,1,.294,17,6,.857,7,@,L (-16),7.8,1,38:00,MEM,2,2,16,1,MIA,5,4
23-083,1,0,2005-04-10,1,1,0,0,.167,6,3,.500,6,,L (-8),-4.4,1,21:00,DET,0,6,5,1,MIA,4,1
23-087,6,0,2005-04-14,8,18,2,3,.545,33,10,.769,13,@,L (-7),35.3,1,49:00,PHI,2,4,48,1,MIA,3,10
23-088,2,0,2005-04-15,2,6,0,1,.353,17,5,1.000,5,@,L (-2),8.0,1,44:00,BOS,1,3,17,0,MIA,1,3
23-090,8,1,2005-04-17,3,4,0,0,.267,15,5,.714,7,,W (+4),4.3,1,42:00,IND,2,4,13,1,MIA,7,5
23-092,3,0,2005-04-19,1,6,0,3,.462,13,2,.500,4,,W (+19),10.6,1,23:00,CHA,3,1,14,2,MIA,2,4
